"STATION","DATE","LATITUDE","LONGITUDE","ELEVATION","NAME","TEMP","TEMP_ATTRIBUTES","DEWP","DEWP_ATTRIBUTES","SLP","SLP_ATTRIBUTES","STP","STP_ATTRIBUTES","VISIB","VISIB_ATTRIBUTES","WDSP","WDSP_ATTRIBUTES","MXSPD","GUST","MAX","MAX_ATTRIBUTES","MIN","MIN_ATTRIBUTES","PRCP","PRCP_ATTRIBUTES","SNDP","FRSHTT"
"03346399999","2023-01-01","53.865897","-1.660569","207.56","LEEDS BRADFORD, UK","  43.6","19","  38.7","19","9999.9"," 0","999.9"," 0","  6.2","19"," 11.2","19"," 18.1"," 27.0","  46.4","*","  39.2","*","99.99"," ","999.9","010000"
"03346399999","2023-01-02","53.865897","-1.660569","207.56","LEEDS BRADFORD, UK","  36.8","18","  31.7","18","9999.9"," 0","999.9"," 0","  6.2","18","  8.0","18"," 15.0","999.9","  41.0","*","  32.0","*"," 0.00","I","999.9","000000"
"03346399999","2023-01-03","53.865897","-1.660569","207.56","LEEDS BRADFORD, UK","  43.8","20","  42.7","20","9999.9"," 0","999.9"," 0","  3.7","20"," 11.3","20"," 20.0"," 33.0","  53.6","*","  30.2","*","99.99"," ","999.9","110000"
"03346399999","2023-01-04","53.865897","-1.660569","207.56","LEEDS BRADFORD, UK","  48.8","19","  44.9","19","9999.9"," 0","999.9"," 0","  6.0","19"," 20.0","19"," 26.0"," 39.0","  50.0","*","  46.4","*","99.99"," ","999.9","010000"
"03346399999","2023-01-05","53.865897","-1.660569","207.56","LEEDS BRADFORD, UK","  47.8","19","  45.1","19","9999.9"," 0","999.9"," 0","  5.5","19"," 10.1","19"," 20.0"," 32.1","  50.0","*","  42.8","*","99.99"," ","999.9","110000"
"03346399999","2023-01-06","53.865897","-1.660569","207.56","LEEDS BRADFORD, UK","  45.3","19","  41.3","19","9999.9"," 0","999.9"," 0","  5.9","19"," 11.5","19"," 20.0"," 32.1","  51.8","*","  41.0","*","99.99"," ","999.9","010000"
"03346399999","2023-01-07","53.865897","-1.660569","207.56","LEEDS BRADFORD, UK","  47.8","19","  43.2","19","9999.9"," 0","999.9"," 0","  5.9","19"," 11.8","19"," 17.1"," 29.9","  51.8","*","  42.8","*","99.99"," ","999.9","010000"
"03346399999","2023-01-08","53.865897","-1.660569","207.56","LEEDS BRADFORD, UK","  40.9","19","  36.6","19","9999.9"," 0","999.9"," 0","  6.2","19"," 10.8","19"," 18.1"," 22.0","  42.8","*","  39.2","*","99.99"," ","999.9","010000"
"03346399999","2023-01-09","53.865897","-1.660569","207.56","LEEDS BRADFORD, UK","  42.1","18","  37.8","18","9999.9"," 0","999.9"," 0","  6.2","18"," 15.4","18"," 20.0"," 31.1","  42.8","*","  41.0","*","99.99"," ","999.9","010000"
"03346399999","2023-01-10","53.865897","-1.660569","207.56","LEEDS BRADFORD, UK","  46.3","18","  43.7","18","9999.9"," 0","999.9"," 0","  5.0","18"," 15.2","18"," 26.0"," 39.0","  53.6","*","  37.4","*","99.99"," ","999.9","010000"
"03346399999","2023-01-11","53.865897","-1.660569","207.56","LEEDS BRADFORD, UK","  42.9","18","  36.7","18","9999.9"," 0","999.9"," 0","  6.2","18"," 15.0","18"," 20.0"," 32.1","  44.6","*","  41.0","*","99.99"," ","999.9","010000"
"03346399999","2023-01-12","53.865897","-1.660569","207.56","LEEDS BRADFORD, UK","  45.5","19","  39.5","19","9999.9"," 0","999.9"," 0","  6.1","19"," 16.5","19"," 26.0"," 41.0","  50.0","*","  41.0","*","99.99"," ","999.9","010000"
"03346399999","2023-01-13","53.865897","-1.660569","207.56","LEEDS BRADFORD, UK","  43.2","19","  37.9","19","9999.9"," 0","999.9"," 0","  6.2","19"," 17.6","19"," 31.1"," 45.1","  44.6","*","  39.2","*","99.99"," ","999.9","010000"
"03346399999","2023-01-14","53.865897","-1.660569","207.56","LEEDS BRADFORD, UK","  41.9","18","  37.2","18","9999.9"," 0","999.9"," 0","  6.1","18"," 18.5","18"," 28.0"," 42.0","  46.4","*","  37.4","*","99.99"," ","999.9","010000"
"03346399999","2023-01-15","53.865897","-1.660569","207.56","LEEDS BRADFORD, UK","  39.0","18","  35.0","18","9999.9"," 0","999.9"," 0","  6.2","18"," 10.8","18"," 21.0"," 29.9","  42.8","*","  33.8","*","99.99"," ","999.9","010000"
"03346399999","2023-01-16","53.865897","-1.660569","207.56","LEEDS BRADFORD, UK","  31.2","18","  23.6","18","9999.9"," 0","999.9"," 0","  6.2","18"," 10.7","18"," 14.0","999.9","  35.6","*","  26.6","*","99.99"," ","999.9","010000"
"03346399999","2023-01-17","53.865897","-1.660569","207.56","LEEDS BRADFORD, UK","  29.9","19","  25.5","19","9999.9"," 0","999.9"," 0","  6.2","19"," 12.6","19"," 18.1","999.9","  33.8","*","  24.8","*"," 0.00","I","999.9","000000"
"03346399999","2023-01-18","53.865897","-1.660569","207.56","LEEDS BRADFORD, UK","  34.2","19","  26.9","19","9999.9"," 0","999.9"," 0","  6.2","19"," 13.2","19"," 18.1","999.9","  39.2","*","  30.2","*"," 0.00","I","999.9","000000"
"03346399999","2023-01-19","53.865897","-1.660569","207.56","LEEDS BRADFORD, UK","  34.2","17","  28.8","17","9999.9"," 0","999.9"," 0","  6.2","17"," 12.8","17"," 19.0"," 28.9","  37.4","*","  30.2","*"," 0.00","I","999.9","000000"
"03346399999","2023-01-20","53.865897","-1.660569","207.56","LEEDS BRADFORD, UK","  36.3","18","  30.3","18","9999.9"," 0","999.9"," 0","  6.2","18","  8.5","18"," 14.0","999.9","  39.2","*","  32.0","*"," 0.00","I","999.9","000000"
"03346399999","2023-01-21","53.865897","-1.660569","207.56","LEEDS BRADFORD, UK","  29.3","18","  28.2","18","9999.9"," 0","999.9"," 0","  2.7","18","  4.2","18","  6.0","999.9","  33.8","*","  24.8","*"," 0.00","I","999.9","100000"
"03346399999","2023-01-22","53.865897","-1.660569","207.56","LEEDS BRADFORD, UK","  32.6","19","  30.4","19","9999.9"," 0","999.9"," 0","  5.2","19","  4.1","19","  6.0","999.9","  35.6","*","  26.6","*"," 0.00","I","999.9","100000"
"03346399999","2023-01-23","53.865897","-1.660569","207.56","LEEDS BRADFORD, UK","  37.6","17","  34.4","17","9999.9"," 0","999.9"," 0","  4.7","17","  3.2","17","  6.0","999.9","  41.0","*","  32.0","*"," 0.00","I","999.9","100000"
"03346399999","2023-01-24","53.865897","-1.660569","207.56","LEEDS BRADFORD, UK","  43.7","18","  41.8","18","9999.9"," 0","999.9"," 0","  5.8","18","  8.7","18"," 15.0","999.9","  46.4","*","  39.2","*"," 0.00","I","999.9","000000"
"03346399999","2023-01-25","53.865897","-1.660569","207.56","LEEDS BRADFORD, UK","  43.4","17","  39.8","17","9999.9"," 0","999.9"," 0","  5.7","17"," 14.4","17"," 22.0"," 29.9","  46.4","*","  37.4","*","99.99"," ","999.9","010000"
"03346399999","2023-01-26","53.865897","-1.660569","207.56","LEEDS BRADFORD, UK","  41.1","18","  34.6","18","9999.9"," 0","999.9"," 0","  5.9","18","  9.3","18"," 13.0"," 20.0","  44.6","*","  39.2","*","99.99"," ","999.9","010000"
"03346399999","2023-01-27","53.865897","-1.660569","207.56","LEEDS BRADFORD, UK","  38.5","19","  35.4","19","9999.9"," 0","999.9"," 0","  6.1","19","  4.4","19","  8.0","999.9","  41.0","*","  37.4","*","99.99"," ","999.9","010000"
"03346399999","2023-01-28","53.865897","-1.660569","207.56","LEEDS BRADFORD, UK","  40.7","20","  37.9","20","9999.9"," 0","999.9"," 0","  6.2","20","  9.5","20"," 11.1","999.9","  44.6","*","  35.6","*","99.99"," ","999.9","010000"
"03346399999","2023-01-29","53.865897","-1.660569","207.56","LEEDS BRADFORD, UK","  42.7","18","  38.8","18","9999.9"," 0","999.9"," 0","  6.0","18"," 19.9","18"," 32.1"," 42.9","  46.4","*","  39.2","*","99.99"," ","999.9","010000"
"03346399999","2023-01-30","53.865897","-1.660569","207.56","LEEDS BRADFORD, UK","  42.6","18","  36.8","18","9999.9"," 0","999.9"," 0","  6.2","18"," 15.7","18"," 25.1"," 28.0","  46.4","*","  41.0","*"," 0.00","I","999.9","000000"
"03346399999","2023-01-31","53.865897","-1.660569","207.56","LEEDS BRADFORD, UK","  43.5","16","  36.2","16","9999.9"," 0","999.9"," 0","  6.1","16"," 23.6","16"," 28.9"," 44.1","  46.4","*","  41.0","*","99.99"," ","999.9","010000"
"03346399999","2023-02-01","53.865897","-1.660569","207.56","LEEDS BRADFORD, UK","  44.2","17","  40.8","17","9999.9"," 0","999.9"," 0","  6.1","17"," 20.3","17"," 27.0"," 45.1","  46.4","*","  42.8","*","99.99"," ","999.9","010000"
"03346399999","2023-02-02","53.865897","-1.660569","207.56","LEEDS BRADFORD, UK","  46.8","18","  43.0","18","9999.9"," 0","999.9"," 0","  6.2","18"," 20.0","18"," 27.0"," 42.0","  48.2","*","  44.6","*","99.99"," ","999.9","010000"
"03346399999","2023-02-03","53.865897","-1.660569","207.56","LEEDS BRADFORD, UK","  47.7","17","  45.2","17","9999.9"," 0","999.9"," 0","  5.2","17"," 14.5","17"," 25.1"," 35.9","  48.2","*","  46.4","*","99.99"," ","999.9","010000"
"03346399999","2023-02-04","53.865897","-1.660569","207.56","LEEDS BRADFORD, UK","  45.6","18","  40.7","18","9999.9"," 0","999.9"," 0","  6.2","18","  9.9","18"," 19.0","999.9","  46.4","*","  37.4","*","99.99"," ","999.9","010000"
"03346399999","2023-02-05","53.865897","-1.660569","207.56","LEEDS BRADFORD, UK","  38.4","18","  28.2","18","9999.9"," 0","999.9"," 0","  6.2","18","  5.5","18","  9.9","999.9","  44.6","*","  32.0","*"," 0.00","I","999.9","000000"
"03346399999","2023-02-06","53.865897","-1.660569","207.56","LEEDS BRADFORD, UK","  37.8","17","  31.0","17","9999.9"," 0","999.9"," 0","  6.2","17","  6.6","17"," 11.1","999.9","  44.6","*","  28.4","*"," 0.00","I","999.9","000000"
"03346399999","2023-02-07","53.865897","-1.660569","207.56","LEEDS BRADFORD, UK","  42.2","18","  37.5","18","9999.9"," 0","999.9"," 0","  6.2","18","  8.5","18"," 14.0","999.9","  46.4","*","  35.6","*"," 0.00","I","999.9","000000"
"03346399999","2023-02-08","53.865897","-1.660569","207.56","LEEDS BRADFORD, UK","  40.5","18","  29.6","18","9999.9"," 0","999.9"," 0","  6.2","18"," 10.4","18"," 15.9","999.9","  44.6","*","  35.6","*"," 0.00","I","999.9","000000"
"03346399999","2023-02-09","53.865897","-1.660569","207.56","LEEDS BRADFORD, UK","  40.6","17","  33.7","17","9999.9"," 0","999.9"," 0","  6.2","17"," 10.0","17"," 20.0"," 26.0","  44.6","*","  33.8","*"," 0.00","I","999.9","000000"
"03346399999","2023-02-10","53.865897","-1.660569","207.56","LEEDS BRADFORD, UK","  44.3","18","  40.4","18","9999.9"," 0","999.9"," 0","  6.2","18"," 17.3","18"," 26.0"," 35.9","  48.2","*","  39.2","*","99.99"," ","999.9","010000"
"03346399999","2023-02-11","53.865897","-1.660569","207.56","LEEDS BRADFORD, UK","  45.5","19","  39.8","19","9999.9"," 0","999.9"," 0","  6.2","19","  9.7","19"," 15.9","999.9","  48.2","*","  44.6","*"," 0.00","I","999.9","000000"
"03346399999","2023-02-12","53.865897","-1.660569","207.56","LEEDS BRADFORD, UK","  43.7","19","  35.3","19","9999.9"," 0","999.9"," 0","  6.1","19","  5.2","19","  8.9","999.9","  46.4","*","  41.0","*"," 0.00","I","999.9","000000"
"03346399999","2023-02-13","53.865897","-1.660569","207.56","LEEDS BRADFORD, UK","  40.0","18","  35.4","18","9999.9"," 0","999.9"," 0","  6.2","18","  5.3","18","  7.0","999.9","  46.4","*","  33.8","*"," 0.00","I","999.9","000000"
"03346399999","2023-02-14","53.865897","-1.660569","207.56","LEEDS BRADFORD, UK","  39.3","18","  35.7","18","9999.9"," 0","999.9"," 0","  4.1","18","  4.2","18","  6.0","999.9","  48.2","*","  32.0","*"," 0.00","I","999.9","100000"
"03346399999","2023-02-15","53.865897","-1.660569","207.56","LEEDS BRADFORD, UK","  43.2","18","  37.6","18","9999.9"," 0","999.9"," 0","  5.9","18","  7.7","18"," 13.0","999.9","  51.8","*","  33.8","*","99.99"," ","999.9","010000"
"03346399999","2023-02-16","53.865897","-1.660569","207.56","LEEDS BRADFORD, UK","  47.4","19","  44.4","19","9999.9"," 0","999.9"," 0","  5.7","19"," 12.0","19"," 22.0"," 31.1","  51.8","*","  42.8","*","99.99"," ","999.9","010000"
"03346399999","2023-02-17","53.865897","-1.660569","207.56","LEEDS BRADFORD, UK","  48.3","18","  41.7","18","9999.9"," 0","999.9"," 0","  5.7","18"," 19.3","18"," 42.0"," 59.1","  51.8","*","  44.6","*","99.99"," ","999.9","010000"
"03346399999","2023-02-18","53.865897","-1.660569","207.56","LEEDS BRADFORD, UK","  48.6","18","  45.0","18","9999.9"," 0","999.9"," 0","  6.0","18"," 16.4","18"," 28.0"," 42.9","  50.0","*","  46.4","*","99.99"," ","999.9","010000"
"03346399999","2023-02-19","53.865897","-1.660569","207.56","LEEDS BRADFORD, UK","  45.0","18","  39.9","18","9999.9"," 0","999.9"," 0","  6.2","18"," 16.3","18"," 28.9"," 34.0","  48.2","*","  39.2","*"," 0.00","I","999.9","000000"
"03346399999","2023-02-20","53.865897","-1.660569","207.56","LEEDS BRADFORD, UK","  49.2","17","  46.2","17","9999.9"," 0","999.9"," 0","  6.0","17"," 17.6","17"," 25.1"," 42.0","  50.0","*","  48.2","*","99.99"," ","999.9","010000"
"03346399999","2023-02-21","53.865897","-1.660569","207.56","LEEDS BRADFORD, UK","  46.9","18","  42.2","18","9999.9"," 0","999.9"," 0","  6.2","18","  6.4","18"," 12.0","999.9","  50.0","*","  42.8","*"," 0.00","I","999.9","000000"
"03346399999","2023-02-22","53.865897","-1.660569","207.56","LEEDS BRADFORD, UK","  42.3","18","  36.7","18","9999.9"," 0","999.9"," 0","  6.2","18","  9.6","18"," 18.1","999.9","  46.4","*","  41.0","*","99.99"," ","999.9","010000"
"03346399999","2023-02-23","53.865897","-1.660569","207.56","LEEDS BRADFORD, UK","  39.5","18","  29.7","18","9999.9"," 0","999.9"," 0","  6.2","18"," 10.3","18"," 17.1","999.9","  44.6","*","  35.6","*"," 0.00","I","999.9","000000"
"03346399999","2023-02-24","53.865897","-1.660569","207.56","LEEDS BRADFORD, UK","  43.0","18","  35.4","18","9999.9"," 0","999.9"," 0","  6.2","18"," 13.7","18"," 18.1"," 32.1","  48.2","*","  37.4","*","99.99"," ","999.9","010000"
"03346399999","2023-02-25","53.865897","-1.660569","207.56","LEEDS BRADFORD, UK","  37.8","18","  31.3","18","9999.9"," 0","999.9"," 0","  6.2","18"," 11.4","18"," 15.0"," 24.1","  41.0","*","  35.6","*","99.99"," ","999.9","010000"
"03346399999","2023-02-26","53.865897","-1.660569","207.56","LEEDS BRADFORD, UK","  39.4","18","  34.0","18","9999.9"," 0","999.9"," 0","  6.2","18","  7.4","18"," 13.0","999.9","  42.8","*","  35.6","*","99.99"," ","999.9","010000"
"03346399999","2023-02-27","53.865897","-1.660569","207.56","LEEDS BRADFORD, UK","  40.3","18","  37.9","18","9999.9"," 0","999.9"," 0","  5.7","18","  8.4","18","  9.9","999.9","  44.6","*","  35.6","*","99.99"," ","999.9","010000"
"03346399999","2023-02-28","53.865897","-1.660569","207.56","LEEDS BRADFORD, UK","  40.3","18","  37.8","18","9999.9"," 0","999.9"," 0","  5.9","18"," 10.9","18"," 15.9"," 27.0","  42.8","*","  37.4","*","99.99"," ","999.9","010000"
"03346399999","2023-03-01","53.865897","-1.660569","207.56","LEEDS BRADFORD, UK","  40.4","18","  38.4","18","9999.9"," 0","999.9"," 0","  5.5","18"," 10.7","18"," 15.9","999.9","  42.8","*","  37.4","*","99.99"," ","999.9","010000"
"03346399999","2023-03-02","53.865897","-1.660569","207.56","LEEDS BRADFORD, UK","  38.6","17","  33.2","17","9999.9"," 0","999.9"," 0","  6.2","17","  4.4","17","  7.0","999.9","  41.0","*","  35.6","*"," 0.00","I","999.9","000000"
"03346399999","2023-03-03","53.865897","-1.660569","207.56","LEEDS BRADFORD, UK","  39.4","17","  33.4","17","9999.9"," 0","999.9"," 0","  6.1","17","  6.3","17","  8.0","999.9","  42.8","*","  35.6","*","99.99"," ","999.9","010000"
"03346399999","2023-03-04","53.865897","-1.660569","207.56","LEEDS BRADFORD, UK","  37.3","18","  29.1","18","9999.9"," 0","999.9"," 0","  6.2","18","  8.1","18"," 12.0","999.9","  39.2","*","  35.6","*"," 0.00","I","999.9","000000"
"03346399999","2023-03-05","53.865897","-1.660569","207.56","LEEDS BRADFORD, UK","  38.4","19","  31.1","19","9999.9"," 0","999.9"," 0","  6.2","19","  7.4","19"," 12.0","999.9","  41.0","*","  35.6","*"," 0.00","I","999.9","000000"
"03346399999","2023-03-06","53.865897","-1.660569","207.56","LEEDS BRADFORD, UK","  39.5","19","  33.5","19","9999.9"," 0","999.9"," 0","  6.2","19"," 11.6","19"," 19.0","999.9","  44.6","*","  35.6","*","99.99"," ","999.9","010000"
"03346399999","2023-03-07","53.865897","-1.660569","207.56","LEEDS BRADFORD, UK","  33.5","18","  22.1","18","9999.9"," 0","999.9"," 0","  6.2","18","  7.4","18","  9.9","999.9","  39.2","*","  26.6","*"," 0.00","I","999.9","000000"
"03346399999","2023-03-08","53.865897","-1.660569","207.56","LEEDS BRADFORD, UK","  30.9","17","  26.4","17","9999.9"," 0","999.9"," 0","  5.3","17","  7.8","17"," 11.1","999.9","  33.8","*","  26.6","*","99.99"," ","999.9","011000"
"03346399999","2023-03-09","53.865897","-1.660569","207.56","LEEDS BRADFORD, UK","  31.6","18","  30.5","18","9999.9"," 0","999.9"," 0","  1.7","18","  9.9","18"," 14.0"," 22.9","  33.8","*","  30.2","*","99.99"," ","999.9","101000"
"03346399999","2023-03-10","53.865897","-1.660569","207.56","LEEDS BRADFORD, UK","  30.9","20","  26.9","20","9999.9"," 0","999.9"," 0","  5.0","20","  9.6","20"," 15.9"," 25.1","  33.8","*","  28.4","*","99.99"," ","999.9","001000"
"03346399999","2023-03-11","53.865897","-1.660569","207.56","LEEDS BRADFORD, UK","  34.0","20","  25.6","20","9999.9"," 0","999.9"," 0","  4.6","20","  7.1","20"," 13.0","999.9","  39.2","*","  28.4","*","99.99"," ","999.9","111000"
"03346399999","2023-03-12","53.865897","-1.660569","207.56","LEEDS BRADFORD, UK","  48.0","18","  42.3","18","9999.9"," 0","999.9"," 0","  5.9","18"," 11.4","18"," 20.0"," 28.9","  51.8","*","  42.8","*","99.99"," ","999.9","010000"
"03346399999","2023-03-13","53.865897","-1.660569","207.56","LEEDS BRADFORD, UK","  47.3","18","  43.7","18","9999.9"," 0","999.9"," 0","  5.9","18"," 17.4","18"," 22.0"," 35.9","  51.8","*","  37.4","*","99.99"," ","999.9","010000"
"03346399999","2023-03-14","53.865897","-1.660569","207.56","LEEDS BRADFORD, UK","  35.1","19","  29.8","19","9999.9"," 0","999.9"," 0","  5.8","19"," 10.8","19"," 21.0"," 32.1","  41.0","*","  28.4","*","99.99"," ","999.9","011000"
"03346399999","2023-03-15","53.865897","-1.660569","207.56","LEEDS BRADFORD, UK","  36.2","17","  32.4","17","9999.9"," 0","999.9"," 0","  5.1","17","  8.3","17"," 13.0","999.9","  41.0","*","  26.6","*","99.99"," ","999.9","110000"
"03346399999","2023-03-16","53.865897","-1.660569","207.56","LEEDS BRADFORD, UK","  49.9","17","  45.8","17","9999.9"," 0","999.9"," 0","  6.1","17"," 12.5","17"," 21.0"," 25.1","  51.8","*","  48.2","*","99.99"," ","999.9","010000"
"03346399999","2023-03-17","53.865897","-1.660569","207.56","LEEDS BRADFORD, UK","  51.2","18","  43.6","18","9999.9"," 0","999.9"," 0","  6.2","18","  5.4","18"," 12.0","999.9","  57.2","*","  46.4","*","99.99"," ","999.9","010000"
"03346399999","2023-03-18","53.865897","-1.660569","207.56","LEEDS BRADFORD, UK","  49.7","18","  45.4","18","9999.9"," 0","999.9"," 0","  5.2","18","  7.7","18"," 19.0","999.9","  55.4","*","  42.8","*","99.99"," ","999.9","110000"
"03346399999","2023-03-19","53.865897","-1.660569","207.56","LEEDS BRADFORD, UK","  44.8","18","  37.8","18","9999.9"," 0","999.9"," 0","  6.2","18","  9.6","18"," 14.0","999.9","  48.2","*","  39.2","*"," 0.00","I","999.9","000000"
"03346399999","2023-03-20","53.865897","-1.660569","207.56","LEEDS BRADFORD, UK","  51.0","18","  47.0","18","9999.9"," 0","999.9"," 0","  6.2","18","  7.1","18"," 13.0","999.9","  55.4","*","  44.6","*","99.99"," ","999.9","010000"
"03346399999","2023-03-21","53.865897","-1.660569","207.56","LEEDS BRADFORD, UK","  50.7","18","  43.8","18","9999.9"," 0","999.9"," 0","  6.2","18"," 13.5","18"," 19.0"," 28.9","  55.4","*","  46.4","*","99.99"," ","999.9","010000"
"03346399999","2023-03-22","53.865897","-1.660569","207.56","LEEDS BRADFORD, UK","  49.8","17","  37.1","17","9999.9"," 0","999.9"," 0","  6.2","17"," 14.4","17"," 24.1"," 42.9","  53.6","*","  44.6","*","99.99"," ","999.9","010000"
"03346399999","2023-03-23","53.865897","-1.660569","207.56","LEEDS BRADFORD, UK","  48.4","18","  40.6","18","9999.9"," 0","999.9"," 0","  6.2","18"," 11.1","18"," 18.1"," 27.0","  51.8","*","  42.8","*","99.99"," ","999.9","010000"
"03346399999","2023-03-24","53.865897","-1.660569","207.56","LEEDS BRADFORD, UK","  49.5","18","  37.5","18","9999.9"," 0","999.9"," 0","  6.2","18"," 17.6","18"," 22.9"," 36.9","  55.4","*","  42.8","*","99.99"," ","999.9","010000"
"03346399999","2023-03-25","53.865897","-1.660569","207.56","LEEDS BRADFORD, UK","  44.9","19","  41.0","19","9999.9"," 0","999.9"," 0","  5.9","19"," 13.0","19"," 22.0"," 33.0","  51.8","*","  39.2","*","99.99"," ","999.9","010000"
"03346399999","2023-03-26","53.865897","-1.660569","207.56","LEEDS BRADFORD, UK","  39.4","20","  32.8","20","9999.9"," 0","999.9"," 0","  6.2","20","  8.4","20"," 11.1","999.9","  42.8","*","  35.6","*","99.99"," ","999.9","010000"
"03346399999","2023-03-27","53.865897","-1.660569","207.56","LEEDS BRADFORD, UK","  39.7","24","  27.8","24","9999.9"," 0","999.9"," 0","  6.2","24","  4.2","24","  7.0","999.9","  46.4","*","  33.8","*"," 0.00","I","999.9","000000"
"03346399999","2023-03-28","53.865897","-1.660569","207.56","LEEDS BRADFORD, UK","  42.3","23","  39.7","23","9999.9"," 0","999.9"," 0","  5.9","23","  7.8","23"," 13.0","999.9","  46.4","*","  35.6","*","99.99"," ","999.9","010000"
"03346399999","2023-03-29","53.865897","-1.660569","207.56","LEEDS BRADFORD, UK","  51.4","24","  47.4","24","9999.9"," 0","999.9"," 0","  6.2","24","  8.9","24"," 15.0"," 24.1","  57.2","*","  46.4","*","99.99"," ","999.9","010000"
"03346399999","2023-03-30","53.865897","-1.660569","207.56","LEEDS BRADFORD, UK","  50.3","24","  45.9","24","9999.9"," 0","999.9"," 0","  6.0","24","  8.5","24"," 19.0"," 27.0","  55.4","*","  46.4","*","99.99"," ","999.9","010000"
"03346399999","2023-03-31","53.865897","-1.660569","207.56","LEEDS BRADFORD, UK","  46.4","24","  45.4","24","9999.9"," 0","999.9"," 0","  3.7","24"," 11.2","24"," 15.0","999.9","  48.2","*","  42.8","*","99.99"," ","999.9","110000"
"03346399999","2023-04-01","53.865897","-1.660569","207.56","LEEDS BRADFORD, UK","  42.6","24","  39.1","24","9999.9"," 0","999.9"," 0","  6.2","24","  9.2","24"," 13.0"," 18.1","  44.6","*","  39.2","*","99.99"," ","999.9","010000"
"03346399999","2023-04-02","53.865897","-1.660569","207.56","LEEDS BRADFORD, UK","  42.2","24","  34.6","24","9999.9"," 0","999.9"," 0","  6.2","24","  6.2","24","  8.9","999.9","  50.0","*","  33.8","*","99.99"," ","999.9","010000"
"03346399999","2023-04-03","53.865897","-1.660569","207.56","LEEDS BRADFORD, UK","  40.4","24","  32.4","24","9999.9"," 0","999.9"," 0","  6.2","24","  5.5","24"," 11.1","999.9","  50.0","*","  32.0","*"," 0.00","I","999.9","000000"
"03346399999","2023-04-04","53.865897","-1.660569","207.56","LEEDS BRADFORD, UK","  44.0","24","  28.6","24","9999.9"," 0","999.9"," 0","  6.2","24","  5.6","24","  9.9","999.9","  57.2","*","  30.2","*"," 0.00","I","999.9","000000"
"03346399999","2023-04-05","53.865897","-1.660569","207.56","LEEDS BRADFORD, UK","  46.1","24","  42.6","24","9999.9"," 0","999.9"," 0","  4.7","24","  6.0","24","  8.0","999.9","  48.2","*","  42.8","*","99.99"," ","999.9","010000"
"03346399999","2023-04-06","53.865897","-1.660569","207.56","LEEDS BRADFORD, UK","  47.5","24","  41.9","24","9999.9"," 0","999.9"," 0","  6.2","24"," 12.5","24"," 21.0","999.9","  51.8","*","  42.8","*","99.99"," ","999.9","010000"
"03346399999","2023-04-07","53.865897","-1.660569","207.56","LEEDS BRADFORD, UK","  45.8","20","  35.7","20","9999.9"," 0","999.9"," 0","  6.2","20","  5.5","20","  8.9","999.9","  53.6","*","  35.6","*"," 0.00","I","999.9","000000"
"03346399999","2023-04-08","53.865897","-1.660569","207.56","LEEDS BRADFORD, UK","  46.4","24","  38.5","24","9999.9"," 0","999.9"," 0","  6.1","24","  4.5","24","  8.0","999.9","  55.4","*","  37.4","*"," 0.00","I","999.9","100000"
"03346399999","2023-04-09","53.865897","-1.660569","207.56","LEEDS BRADFORD, UK","  46.3","24","  40.8","24","9999.9"," 0","999.9"," 0","  4.0","24","  7.7","24"," 12.0","999.9","  53.6","*","  39.2","*","99.99"," ","999.9","110000"
"03346399999","2023-04-10","53.865897","-1.660569","207.56","LEEDS BRADFORD, UK","  47.1","24","  42.4","24","9999.9"," 0","999.9"," 0","  6.1","24"," 12.2","24"," 19.0"," 28.9","  53.6","*","  41.0","*","99.99"," ","999.9","010000"
"03346399999","2023-04-11","53.865897","-1.660569","207.56","LEEDS BRADFORD, UK","  44.6","24","  36.9","24","9999.9"," 0","999.9"," 0","  6.0","24"," 14.6","24"," 20.0"," 36.9","  51.8","*","  41.0","*","99.99"," ","999.9","010000"
"03346399999","2023-04-12","53.865897","-1.660569","207.56","LEEDS BRADFORD, UK","  40.2","24","  34.9","24","9999.9"," 0","999.9"," 0","  6.2","24"," 12.3","24"," 21.0"," 28.9","  44.6","*","  35.6","*","99.99"," ","999.9","010000"
"03346399999","2023-04-13","53.865897","-1.660569","207.56","LEEDS BRADFORD, UK","  43.1","24","  38.1","24","9999.9"," 0","999.9"," 0","  6.2","24"," 16.2","24"," 22.0"," 38.1","  46.4","*","  39.2","*","99.99"," ","999.9","010000"
"03346399999","2023-04-14","53.865897","-1.660569","207.56","LEEDS BRADFORD, UK","  40.2","24","  37.3","24","9999.9"," 0","999.9"," 0","  5.4","24","  5.2","24"," 13.0","999.9","  42.8","*","  33.8","*","99.99"," ","999.9","010000"
"03346399999","2023-04-15","53.865897","-1.660569","207.56","LEEDS BRADFORD, UK","  46.1","24","  39.9","24","9999.9"," 0","999.9"," 0","  6.2","24","  4.8","24","  8.9","999.9","  55.4","*","  39.2","*"," 0.00","I","999.9","000000"
"03346399999","2023-04-16","53.865897","-1.660569","207.56","LEEDS BRADFORD, UK","  50.2","24","  43.0","24","9999.9"," 0","999.9"," 0","  6.2","24","  4.7","24","  8.0","999.9","  57.2","*","  42.8","*"," 0.00","I","999.9","000000"
"03346399999","2023-04-17","53.865897","-1.660569","207.56","LEEDS BRADFORD, UK","  49.8","24","  45.3","24","9999.9"," 0","999.9"," 0","  4.9","24","  4.8","24","  8.9","999.9","  55.4","*","  39.2","*"," 0.00","I","999.9","100000"
"03346399999","2023-04-18","53.865897","-1.660569","207.56","LEEDS BRADFORD, UK","  46.6","24","  38.5","24","9999.9"," 0","999.9"," 0","  4.1","24","  9.9","24"," 14.0","999.9","  55.4","*","  41.0","*"," 0.00","I","999.9","100000"
"03346399999","2023-04-19","53.865897","-1.660569","207.56","LEEDS BRADFORD, UK","  46.5","24","  36.6","24","9999.9"," 0","999.9"," 0","  6.2","24"," 11.1","24"," 20.0"," 34.0","  55.4","*","  41.0","*"," 0.00","I","999.9","000000"
"03346399999","2023-04-20","53.865897","-1.660569","207.56","LEEDS BRADFORD, UK","  46.3","24","  34.8","24","9999.9"," 0","999.9"," 0","  6.2","24"," 11.2","24"," 15.9"," 26.0","  55.4","*","  39.2","*"," 0.00","I","999.9","000000"
"03346399999","2023-04-21","53.865897","-1.660569","207.56","LEEDS BRADFORD, UK","  46.0","24","  42.6","24","9999.9"," 0","999.9"," 0","  4.4","24"," 11.6","24"," 17.1"," 27.0","  51.8","*","  42.8","*","99.99"," ","999.9","110000"
"03346399999","2023-04-22","53.865897","-1.660569","207.56","LEEDS BRADFORD, UK","  47.5","24","  41.5","24","9999.9"," 0","999.9"," 0","  4.5","24","  5.9","24","  8.9"," 15.0","  53.6","*","  44.6","*","99.99"," ","999.9","010000"
"03346399999","2023-04-23","53.865897","-1.660569","207.56","LEEDS BRADFORD, UK","  46.2","24","  40.5","24","9999.9"," 0","999.9"," 0","  6.1","24","  8.2","24"," 15.0","999.9","  53.6","*","  41.0","*","99.99"," ","999.9","010000"
"03346399999","2023-04-24","53.865897","-1.660569","207.56","LEEDS BRADFORD, UK","  40.9","24","  31.5","24","9999.9"," 0","999.9"," 0","  6.2","24","  9.8","24"," 15.0","999.9","  46.4","*","  32.0","*","99.99"," ","999.9","010000"
"03346399999","2023-04-25","53.865897","-1.660569","207.56","LEEDS BRADFORD, UK","  40.6","24","  26.9","24","9999.9"," 0","999.9"," 0","  6.2","24","  7.1","24","  9.9","999.9","  50.0","*","  30.2","*"," 0.00","I","999.9","000000"
"03346399999","2023-04-26","53.865897","-1.660569","207.56","LEEDS BRADFORD, UK","  44.3","20","  31.2","20","9999.9"," 0","999.9"," 0","  6.2","20","  3.4","20","  6.0","999.9","  50.0","*","  35.6","*"," 0.00","I","999.9","000000"
"03346399999","2023-04-27","53.865897","-1.660569","207.56","LEEDS BRADFORD, UK","  45.8","19","  38.0","19","9999.9"," 0","999.9"," 0","  5.9","19","  8.7","19"," 15.9","999.9","  51.8","*","  37.4","*","99.99"," ","999.9","010000"
"03346399999","2023-04-28","53.865897","-1.660569","207.56","LEEDS BRADFORD, UK","  48.0","19","  44.5","19","9999.9"," 0","999.9"," 0","  4.6","19","  4.2","19","  7.0","999.9","  53.6","*","  42.8","*","99.99"," ","999.9","110000"
"03346399999","2023-04-29","53.865897","-1.660569","207.56","LEEDS BRADFORD, UK","  49.2","24","  46.6","24","9999.9"," 0","999.9"," 0","  4.2","24","  5.9","24","  8.9","999.9","  53.6","*","  44.6","*"," 0.00","I","999.9","000000"
"03346399999","2023-04-30","53.865897","-1.660569","207.56","LEEDS BRADFORD, UK","  51.0","24","  46.8","24","9999.9"," 0","999.9"," 0","  4.1","24","  6.0","24"," 17.1","999.9","  57.2","*","  44.6","*","99.99"," ","999.9","110000"
"03346399999","2023-05-01","53.865897","-1.660569","207.56","LEEDS BRADFORD, UK","  51.2","24","  45.6","24","9999.9"," 0","999.9"," 0","  6.2","24"," 10.7","24"," 14.0","999.9","  59.0","*","  44.6","*"," 0.00","I","999.9","000000"
"03346399999","2023-05-02","53.865897","-1.660569","207.56","LEEDS BRADFORD, UK","  48.2","24","  41.7","24","9999.9"," 0","999.9"," 0","  6.2","24","  6.1","24"," 11.1","999.9","  55.4","*","  42.8","*"," 0.00","I","999.9","000000"
"03346399999","2023-05-03","53.865897","-1.660569","207.56","LEEDS BRADFORD, UK","  47.3","24","  39.5","24","9999.9"," 0","999.9"," 0","  6.1","24","  8.4","24"," 14.0"," 22.0","  57.2","*","  37.4","*"," 0.00","I","999.9","000000"
"03346399999","2023-05-04","53.865897","-1.660569","207.56","LEEDS BRADFORD, UK","  45.9","24","  41.4","24","9999.9"," 0","999.9"," 0","  5.9","24"," 11.0","24"," 15.9"," 25.1","  53.6","*","  41.0","*","99.99"," ","999.9","010000"
"03346399999","2023-05-05","53.865897","-1.660569","207.56","LEEDS BRADFORD, UK","  52.3","24","  49.0","24","9999.9"," 0","999.9"," 0","  3.4","24","  4.3","24","  9.9","999.9","  60.8","*","  44.6","*","99.99"," ","999.9","110010"
"03346399999","2023-05-06","53.865897","-1.660569","207.56","LEEDS BRADFORD, UK","  54.2","24","  51.0","24","9999.9"," 0","999.9"," 0","  4.9","24","  4.9","24"," 11.1","999.9","  62.6","*","  48.2","*","99.99"," ","999.9","110000"
"03346399999","2023-05-07","53.865897","-1.660569","207.56","LEEDS BRADFORD, UK","  58.1","24","  51.6","24","9999.9"," 0","999.9"," 0","  4.5","24","  6.1","24","  9.9","999.9","  64.4","*","  51.8","*","99.99"," ","999.9","110000"
"03346399999","2023-05-08","53.865897","-1.660569","207.56","LEEDS BRADFORD, UK","  54.2","24","  51.7","24","9999.9"," 0","999.9"," 0","  5.6","24","  6.1","24"," 12.0","999.9","  57.2","*","  51.8","*","99.99"," ","999.9","010000"
"03346399999","2023-05-09","53.865897","-1.660569","207.56","LEEDS BRADFORD, UK","  56.1","24","  47.8","24","9999.9"," 0","999.9"," 0","  6.2","24"," 11.1","24"," 18.1","999.9","  64.4","*","  48.2","*"," 0.00","I","999.9","000000"
"03346399999","2023-05-10","53.865897","-1.660569","207.56","LEEDS BRADFORD, UK","  52.3","24","  46.3","24","9999.9"," 0","999.9"," 0","  6.2","24","  9.3","24"," 13.0","999.9","  57.2","*","  46.4","*","99.99"," ","999.9","010000"
"03346399999","2023-05-11","53.865897","-1.660569","207.56","LEEDS BRADFORD, UK","  52.1","24","  48.0","24","9999.9"," 0","999.9"," 0","  6.2","24","  4.5","24","  8.0","999.9","  57.2","*","  48.2","*","99.99"," ","999.9","010000"
"03346399999","2023-05-12","53.865897","-1.660569","207.56","LEEDS BRADFORD, UK","  47.9","24","  46.3","24","9999.9"," 0","999.9"," 0","  5.0","24"," 10.9","24"," 14.0","999.9","  50.0","*","  44.6","*"," 0.00","I","999.9","100000"
"03346399999","2023-05-13","53.865897","-1.660569","207.56","LEEDS BRADFORD, UK","  49.5","24","  44.2","24","9999.9"," 0","999.9"," 0","  6.1","24","  6.0","24"," 11.1","999.9","  60.8","*","  42.8","*"," 0.00","I","999.9","000000"
"03346399999","2023-05-14","53.865897","-1.660569","207.56","LEEDS BRADFORD, UK","  53.7","24","  46.1","24","9999.9"," 0","999.9"," 0","  4.4","24","  7.3","24"," 15.0","999.9","  64.4","*","  42.8","*","99.99"," ","999.9","110000"
"03346399999","2023-05-15","53.865897","-1.660569","207.56","LEEDS BRADFORD, UK","  49.3","24","  37.3","24","9999.9"," 0","999.9"," 0","  6.2","24"," 11.6","24"," 15.9","999.9","  59.0","*","  41.0","*","99.99"," ","999.9","010000"
"03346399999","2023-05-16","53.865897","-1.660569","207.56","LEEDS BRADFORD, UK","  49.9","24","  40.6","24","9999.9"," 0","999.9"," 0","  6.2","24"," 11.8","24"," 19.0","999.9","  60.8","*","  41.0","*","99.99"," ","999.9","010000"
"03346399999","2023-05-17","53.865897","-1.660569","207.56","LEEDS BRADFORD, UK","  52.8","24","  43.8","24","9999.9"," 0","999.9"," 0","  6.2","24","  6.4","24"," 12.0","999.9","  60.8","*","  44.6","*"," 0.00","I","999.9","000000"
"03346399999","2023-05-18","53.865897","-1.660569","207.56","LEEDS BRADFORD, UK","  54.5","23","  44.1","23","9999.9"," 0","999.9"," 0","  6.2","23","  6.3","23","  9.9","999.9","  60.8","*","  48.2","*"," 0.00","I","999.9","000000"
"03346399999","2023-05-19","53.865897","-1.660569","207.56","LEEDS BRADFORD, UK","  53.1","24","  48.1","24","9999.9"," 0","999.9"," 0","  6.2","24","  6.7","24"," 11.1","999.9","  60.8","*","  46.4","*","99.99"," ","999.9","010000"
"03346399999","2023-05-20","53.865897","-1.660569","207.56","LEEDS BRADFORD, UK","  53.4","24","  43.9","24","9999.9"," 0","999.9"," 0","  5.7","24","  4.7","24","  8.9","999.9","  62.6","*","  44.6","*"," 0.00","I","999.9","000000"
"03346399999","2023-05-21","53.865897","-1.660569","207.56","LEEDS BRADFORD, UK","  55.6","24","  41.1","24","9999.9"," 0","999.9"," 0","  6.2","24","  4.6","24","  7.0","999.9","  64.4","*","  46.4","*"," 0.00","I","999.9","000000"
"03346399999","2023-05-22","53.865897","-1.660569","207.56","LEEDS BRADFORD, UK","  55.7","24","  41.0","24","9999.9"," 0","999.9"," 0","  6.2","24","  7.6","24"," 13.0","999.9","  66.2","*","  44.6","*"," 0.00","I","999.9","000000"
"03346399999","2023-05-23","53.865897","-1.660569","207.56","LEEDS BRADFORD, UK","  54.9","24","  42.9","24","9999.9"," 0","999.9"," 0","  6.2","24","  8.1","24"," 15.9","999.9","  66.2","*","  46.4","*"," 0.00","I","999.9","000000"
"03346399999","2023-05-24","53.865897","-1.660569","207.56","LEEDS BRADFORD, UK","  57.1","24","  46.6","24","9999.9"," 0","999.9"," 0","  6.2","24","  9.3","24"," 15.0","999.9","  66.2","*","  46.4","*"," 0.00","I","999.9","000000"
"03346399999","2023-05-25","53.865897","-1.660569","207.56","LEEDS BRADFORD, UK","  56.9","24","  46.0","24","9999.9"," 0","999.9"," 0","  6.2","24","  4.7","24","  9.9","999.9","  62.6","*","  51.8","*"," 0.00","I","999.9","000000"
"03346399999","2023-05-26","53.865897","-1.660569","207.56","LEEDS BRADFORD, UK","  58.0","24","  46.4","24","9999.9"," 0","999.9"," 0","  6.2","24","  4.4","24","  8.9","999.9","  68.0","*","  46.4","*"," 0.00","I","999.9","000000"
"03346399999","2023-05-27","53.865897","-1.660569","207.56","LEEDS BRADFORD, UK","  59.2","24","  46.6","24","9999.9"," 0","999.9"," 0","  6.2","24","  7.1","24"," 13.0","999.9","  69.8","*","  48.2","*"," 0.00","I","999.9","000000"
"03346399999","2023-05-28","53.865897","-1.660569","207.56","LEEDS BRADFORD, UK","  54.4","24","  46.3","24","9999.9"," 0","999.9"," 0","  6.2","24","  8.1","24"," 11.1","999.9","  59.0","*","  44.6","*"," 0.00","I","999.9","000000"
"03346399999","2023-05-29","53.865897","-1.660569","207.56","LEEDS BRADFORD, UK","  52.2","24","  42.6","24","9999.9"," 0","999.9"," 0","  6.2","24","  5.6","24","  8.9","999.9","  62.6","*","  44.6","*"," 0.00","I","999.9","000000"
"03346399999","2023-05-30","53.865897","-1.660569","207.56","LEEDS BRADFORD, UK","  51.6","24","  45.2","24","9999.9"," 0","999.9"," 0","  6.2","24","  5.6","24"," 11.1","999.9","  60.8","*","  42.8","*"," 0.00","I","999.9","000000"
"03346399999","2023-05-31","53.865897","-1.660569","207.56","LEEDS BRADFORD, UK","  51.6","24","  46.2","24","9999.9"," 0","999.9"," 0","  5.7","24","  7.0","24","  9.9","999.9","  59.0","*","  48.2","*","99.99"," ","999.9","010000"
"03346399999","2023-06-01","53.865897","-1.660569","207.56","LEEDS BRADFORD, UK","  50.2","23","  44.2","23","9999.9"," 0","999.9"," 0","  6.2","23","  7.0","23"," 12.0","999.9","  55.4","*","  48.2","*","99.99"," ","999.9","010000"
"03346399999","2023-06-02","53.865897","-1.660569","207.56","LEEDS BRADFORD, UK","  53.2","24","  41.1","24","9999.9"," 0","999.9"," 0","  6.2","24","  7.1","24","  9.9","999.9","  62.6","*","  44.6","*"," 0.00","I","999.9","000000"
"03346399999","2023-06-03","53.865897","-1.660569","207.56","LEEDS BRADFORD, UK","  53.5","24","  42.1","24","9999.9"," 0","999.9"," 0","  6.2","24","  5.2","24","  8.0","999.9","  64.4","*","  42.8","*"," 0.00","I","999.9","000000"
"03346399999","2023-06-04","53.865897","-1.660569","207.56","LEEDS BRADFORD, UK","  52.4","24","  45.7","24","9999.9"," 0","999.9"," 0","  6.2","24","  4.7","24","  8.0","999.9","  59.0","*","  44.6","*"," 0.00","I","999.9","000000"
"03346399999","2023-06-05","53.865897","-1.660569","207.56","LEEDS BRADFORD, UK","  54.3","24","  45.6","24","9999.9"," 0","999.9"," 0","  6.2","24","  6.4","24","  9.9","999.9","  64.4","*","  48.2","*"," 0.00","I","999.9","000000"
"03346399999","2023-06-06","53.865897","-1.660569","207.56","LEEDS BRADFORD, UK","  51.2","24","  44.4","24","9999.9"," 0","999.9"," 0","  6.2","24","  5.7","24","  8.0","999.9","  55.4","*","  48.2","*"," 0.00","I","999.9","000000"
"03346399999","2023-06-07","53.865897","-1.660569","207.56","LEEDS BRADFORD, UK","  51.7","24","  43.5","24","9999.9"," 0","999.9"," 0","  6.2","24","  7.4","24","  9.9","999.9","  57.2","*","  48.2","*"," 0.00","I","999.9","000000"
"03346399999","2023-06-08","53.865897","-1.660569","207.56","LEEDS BRADFORD, UK","  51.2","23","  43.0","23","9999.9"," 0","999.9"," 0","  6.2","23","  8.1","23"," 11.1","999.9","  60.8","*","  46.4","*"," 0.00","I","999.9","000000"
"03346399999","2023-06-09","53.865897","-1.660569","207.56","LEEDS BRADFORD, UK","  54.0","24","  45.1","24","9999.9"," 0","999.9"," 0","  6.2","24","  8.0","24","  9.9","999.9","  64.4","*","  46.4","*"," 0.00","I","999.9","000000"
"03346399999","2023-06-10","53.865897","-1.660569","207.56","LEEDS BRADFORD, UK","  61.3","24","  50.5","24","9999.9"," 0","999.9"," 0","  5.9","24","  8.1","24"," 13.0","999.9","  78.8","*","  46.4","*"," 0.00","I","999.9","000000"
"03346399999","2023-06-11","53.865897","-1.660569","207.56","LEEDS BRADFORD, UK","  65.8","24","  54.6","24","9999.9"," 0","999.9"," 0","  6.2","24","  5.4","24","  8.9","999.9","  80.6","*","  53.6","*"," 0.00","I","999.9","000000"
"03346399999","2023-06-12","53.865897","-1.660569","207.56","LEEDS BRADFORD, UK","  70.2","24","  57.7","24","9999.9"," 0","999.9"," 0","  6.2","24","  6.5","24"," 11.1","999.9","  80.6","*","  59.0","*"," 0.00","I","999.9","000000"
"03346399999","2023-06-13","53.865897","-1.660569","207.56","LEEDS BRADFORD, UK","  67.8","24","  48.0","24","9999.9"," 0","999.9"," 0","  6.2","24","  7.3","24"," 12.0"," 21.0","  78.8","*","  57.2","*"," 0.00","I","999.9","000000"
"03346399999","2023-06-14","53.865897","-1.660569","207.56","LEEDS BRADFORD, UK","  62.4","24","  45.4","24","9999.9"," 0","999.9"," 0","  6.2","24","  8.4","24"," 14.0"," 22.9","  71.6","*","  51.8","*"," 0.00","I","999.9","000000"
"03346399999","2023-06-15","53.865897","-1.660569","207.56","LEEDS BRADFORD, UK","  61.8","23","  49.6","23","9999.9"," 0","999.9"," 0","  5.4","23","  5.5","23","  9.9","999.9","  73.4","*","  51.8","*"," 0.00","I","999.9","100000"
"03346399999","2023-06-16","53.865897","-1.660569","207.56","LEEDS BRADFORD, UK","  65.4","24","  45.9","24","9999.9"," 0","999.9"," 0","  6.2","24","  4.9","24","  9.9","999.9","  77.0","*","  53.6","*"," 0.00","I","999.9","000000"
"03346399999","2023-06-17","53.865897","-1.660569","207.56","LEEDS BRADFORD, UK","  60.7","24","  47.6","24","9999.9"," 0","999.9"," 0","  6.2","24","  4.6","24","  8.9","999.9","  68.0","*","  51.8","*","99.99"," ","999.9","010000"
"03346399999","2023-06-18","53.865897","-1.660569","207.56","LEEDS BRADFORD, UK","  61.0","24","  53.8","24","9999.9"," 0","999.9"," 0","  5.3","24","  4.9","24","  8.9","999.9","  71.6","*","  51.8","*","99.99"," ","999.9","010010"
"03346399999","2023-06-19","53.865897","-1.660569","207.56","LEEDS BRADFORD, UK","  63.4","24","  55.8","24","9999.9"," 0","999.9"," 0","  6.0","24","  7.1","24"," 13.0","999.9","  69.8","*","  57.2","*","99.99"," ","999.9","010000"
"03346399999","2023-06-20","53.865897","-1.660569","207.56","LEEDS BRADFORD, UK","  60.3","24","  56.2","24","9999.9"," 0","999.9"," 0","  5.6","24","  5.3","24"," 11.1","999.9","  64.4","*","  57.2","*","99.99"," ","999.9","010000"
"03346399999","2023-06-21","53.865897","-1.660569","207.56","LEEDS BRADFORD, UK","  64.1","24","  53.7","24","9999.9"," 0","999.9"," 0","  6.2","24","  8.4","24"," 13.0","999.9","  71.6","*","  57.2","*"," 0.00","I","999.9","000000"
"03346399999","2023-06-22","53.865897","-1.660569","207.56","LEEDS BRADFORD, UK","  64.4","24","  53.1","24","9999.9"," 0","999.9"," 0","  6.2","24","  6.5","24"," 11.1","999.9","  73.4","*","  55.4","*"," 0.00","I","999.9","000000"
"03346399999","2023-06-23","53.865897","-1.660569","207.56","LEEDS BRADFORD, UK","  62.9","24","  55.9","24","9999.9"," 0","999.9"," 0","  5.6","24","  5.6","24"," 11.1","999.9","  73.4","*","  55.4","*","99.99"," ","999.9","010000"
"03346399999","2023-06-24","53.865897","-1.660569","207.56","LEEDS BRADFORD, UK","  69.7","24","  60.9","24","9999.9"," 0","999.9"," 0","  6.2","24","  7.4","24"," 12.0"," 20.0","  77.0","*","  62.6","*"," 0.00","I","999.9","000000"
"03346399999","2023-06-25","53.865897","-1.660569","207.56","LEEDS BRADFORD, UK","  67.6","24","  57.9","24","9999.9"," 0","999.9"," 0","  6.2","24","  9.3","24"," 20.0","999.9","  80.6","*","  55.4","*","99.99"," ","999.9","010000"
"03346399999","2023-06-26","53.865897","-1.660569","207.56","LEEDS BRADFORD, UK","  59.8","24","  49.6","24","9999.9"," 0","999.9"," 0","  6.2","24"," 13.1","24"," 18.1"," 28.9","  64.4","*","  53.6","*","99.99"," ","999.9","010000"
"03346399999","2023-06-27","53.865897","-1.660569","207.56","LEEDS BRADFORD, UK","  59.1","24","  54.9","24","9999.9"," 0","999.9"," 0","  6.2","24","  7.7","24"," 13.0","999.9","  64.4","*","  55.4","*","99.99"," ","999.9","010000"
"03346399999","2023-06-28","53.865897","-1.660569","207.56","LEEDS BRADFORD, UK","  63.6","24","  59.2","24","9999.9"," 0","999.9"," 0","  5.6","24","  8.6","24"," 14.0","999.9","  69.8","*","  57.2","*","99.99"," ","999.9","010000"
"03346399999","2023-06-29","53.865897","-1.660569","207.56","LEEDS BRADFORD, UK","  58.0","24","  46.6","24","9999.9"," 0","999.9"," 0","  6.2","24"," 11.7","24"," 17.1","999.9","  64.4","*","  51.8","*"," 0.00","I","999.9","000000"
"03346399999","2023-06-30","53.865897","-1.660569","207.56","LEEDS BRADFORD, UK","  57.9","23","  53.7","23","9999.9"," 0","999.9"," 0","  5.8","23","  9.0","23"," 14.0","999.9","  62.6","*","  51.8","*","99.99"," ","999.9","010000"
"03346399999","2023-07-01","53.865897","-1.660569","207.56","LEEDS BRADFORD, UK","  58.2","24","  50.7","24","9999.9"," 0","999.9"," 0","  6.2","24"," 14.7","24"," 24.1"," 34.0","  60.8","*","  53.6","*","99.99"," ","999.9","010000"
"03346399999","2023-07-02","53.865897","-1.660569","207.56","LEEDS BRADFORD, UK","  55.9","24","  45.8","24","9999.9"," 0","999.9"," 0","  6.2","24"," 13.0","24"," 20.0"," 32.1","  62.6","*","  50.0","*","99.99"," ","999.9","010000"
"03346399999","2023-07-03","53.865897","-1.660569","207.56","LEEDS BRADFORD, UK","  53.6","24","  45.5","24","9999.9"," 0","999.9"," 0","  6.2","24"," 12.2","24"," 24.1"," 31.1","  60.8","*","  50.0","*","99.99"," ","999.9","010000"
"03346399999","2023-07-04","53.865897","-1.660569","207.56","LEEDS BRADFORD, UK","  57.0","24","  44.7","24","9999.9"," 0","999.9"," 0","  6.2","24"," 10.7","24"," 15.9","999.9","  64.4","*","  50.0","*","99.99"," ","999.9","010000"
"03346399999","2023-07-05","53.865897","-1.660569","207.56","LEEDS BRADFORD, UK","  56.5","24","  47.2","24","9999.9"," 0","999.9"," 0","  6.2","24"," 10.6","24"," 15.9","999.9","  62.6","*","  50.0","*","99.99"," ","999.9","010000"
"03346399999","2023-07-06","53.865897","-1.660569","207.56","LEEDS BRADFORD, UK","  60.6","24","  47.9","24","9999.9"," 0","999.9"," 0","  6.2","24","  8.4","24"," 14.0","999.9","  68.0","*","  53.6","*","99.99"," ","999.9","010000"
"03346399999","2023-07-07","53.865897","-1.660569","207.56","LEEDS BRADFORD, UK","  67.6","24","  51.7","24","9999.9"," 0","999.9"," 0","  6.2","24","  7.8","24"," 12.0"," 20.0","  77.0","*","  55.4","*"," 0.00","I","999.9","000000"
"03346399999","2023-07-08","53.865897","-1.660569","207.56","LEEDS BRADFORD, UK","  64.5","24","  58.5","24","9999.9"," 0","999.9"," 0","  5.8","24","  6.2","24"," 11.1","999.9","  68.0","*","  59.0","*","99.99"," ","999.9","010010"
"03346399999","2023-07-09","53.865897","-1.660569","207.56","LEEDS BRADFORD, UK","  62.5","24","  55.2","24","9999.9"," 0","999.9"," 0","  5.4","24","  5.4","24"," 17.1","999.9","  71.6","*","  55.4","*","99.99"," ","999.9","110010"
"03346399999","2023-07-10","53.865897","-1.660569","207.56","LEEDS BRADFORD, UK","  59.5","24","  53.4","24","9999.9"," 0","999.9"," 0","  6.2","24","  8.2","24"," 13.0","999.9","  66.2","*","  53.6","*","99.99"," ","999.9","010000"
"03346399999","2023-07-11","53.865897","-1.660569","207.56","LEEDS BRADFORD, UK","  60.4","24","  53.1","24","9999.9"," 0","999.9"," 0","  6.0","24","  9.2","24"," 15.0","999.9","  66.2","*","  55.4","*","99.99"," ","999.9","010000"
"03346399999","2023-07-12","53.865897","-1.660569","207.56","LEEDS BRADFORD, UK","  57.5","24","  51.7","24","9999.9"," 0","999.9"," 0","  6.2","24"," 12.0","24"," 19.0"," 29.9","  60.8","*","  53.6","*","99.99"," ","999.9","010000"
"03346399999","2023-07-13","53.865897","-1.660569","207.56","LEEDS BRADFORD, UK","  58.8","24","  50.0","24","9999.9"," 0","999.9"," 0","  6.2","24","  8.5","24"," 14.0"," 22.9","  68.0","*","  51.8","*"," 0.00","I","999.9","000000"
"03346399999","2023-07-14","53.865897","-1.660569","207.56","LEEDS BRADFORD, UK","  56.8","24","  53.8","24","9999.9"," 0","999.9"," 0","  4.9","24","  9.3","24"," 15.9"," 26.0","  60.8","*","  51.8","*","99.99"," ","999.9","010000"
"03346399999","2023-07-15","53.865897","-1.660569","207.56","LEEDS BRADFORD, UK","  59.2","24","  53.9","24","9999.9"," 0","999.9"," 0","  5.9","24"," 13.0","24"," 20.0"," 33.0","  66.2","*","  55.4","*","99.99"," ","999.9","010000"
"03346399999","2023-07-16","53.865897","-1.660569","207.56","LEEDS BRADFORD, UK","  57.7","24","  52.3","24","9999.9"," 0","999.9"," 0","  5.3","24"," 14.0","24"," 21.0"," 29.9","  64.4","*","  53.6","*","99.99"," ","999.9","010000"
"03346399999","2023-07-17","53.865897","-1.660569","207.56","LEEDS BRADFORD, UK","  56.5","24","  50.4","24","9999.9"," 0","999.9"," 0","  6.2","24","  8.8","24"," 15.9","999.9","  62.6","*","  51.8","*","99.99"," ","999.9","010000"
"03346399999","2023-07-18","53.865897","-1.660569","207.56","LEEDS BRADFORD, UK","  55.9","24","  51.8","24","9999.9"," 0","999.9"," 0","  5.6","24","  4.4","24","  8.9","999.9","  60.8","*","  51.8","*","99.99"," ","999.9","110000"
"03346399999","2023-07-19","53.865897","-1.660569","207.56","LEEDS BRADFORD, UK","  57.6","24","  52.2","24","9999.9"," 0","999.9"," 0","  5.0","24","  5.8","24"," 14.0","999.9","  64.4","*","  51.8","*","99.99"," ","999.9","110000"
"03346399999","2023-07-20","53.865897","-1.660569","207.56","LEEDS BRADFORD, UK","  57.7","24","  48.0","24","9999.9"," 0","999.9"," 0","  6.2","24"," 10.7","24"," 15.0","999.9","  64.4","*","  51.8","*"," 0.00","I","999.9","000000"
"03346399999","2023-07-21","53.865897","-1.660569","207.56","LEEDS BRADFORD, UK","  56.0","24","  48.7","24","9999.9"," 0","999.9"," 0","  6.2","24"," 10.7","24"," 15.9","999.9","  62.6","*","  51.8","*","99.99"," ","999.9","010000"
"03346399999","2023-07-22","53.865897","-1.660569","207.56","LEEDS BRADFORD, UK","  56.5","24","  55.6","24","9999.9"," 0","999.9"," 0","  3.8","24","  5.4","24"," 11.1","999.9","  60.8","*","  51.8","*","99.99"," ","999.9","110000"
"03346399999","2023-07-23","53.865897","-1.660569","207.56","LEEDS BRADFORD, UK","  57.1","24","  56.1","24","9999.9"," 0","999.9"," 0","  3.9","24","  9.4","24"," 15.0","999.9","  60.8","*","  51.8","*","99.99"," ","999.9","110000"
"03346399999","2023-07-24","53.865897","-1.660569","207.56","LEEDS BRADFORD, UK","  55.5","24","  48.5","24","9999.9"," 0","999.9"," 0","  6.0","24","  9.0","24"," 15.0","999.9","  62.6","*","  50.0","*","99.99"," ","999.9","010000"
"03346399999","2023-07-25","53.865897","-1.660569","207.56","LEEDS BRADFORD, UK","  55.4","24","  47.3","24","9999.9"," 0","999.9"," 0","  6.2","24"," 10.8","24"," 17.1"," 24.1","  64.4","*","  48.2","*","99.99"," ","999.9","010000"
"03346399999","2023-07-26","53.865897","-1.660569","207.56","LEEDS BRADFORD, UK","  58.9","24","  51.2","24","9999.9"," 0","999.9"," 0","  5.5","24","  9.7","24"," 14.0","999.9","  69.8","*","  51.8","*","99.99"," ","999.9","010000"
"03346399999","2023-07-27","53.865897","-1.660569","207.56","LEEDS BRADFORD, UK","  61.9","24","  58.5","24","9999.9"," 0","999.9"," 0","  4.8","24","  8.7","24"," 17.1","999.9","  68.0","*","  57.2","*","99.99"," ","999.9","110000"
"03346399999","2023-07-28","53.865897","-1.660569","207.56","LEEDS BRADFORD, UK","  62.5","24","  55.5","24","9999.9"," 0","999.9"," 0","  6.2","24","  7.5","24"," 11.1","999.9","  69.8","*","  57.2","*"," 0.00","I","999.9","000000"
"03346399999","2023-07-29","53.865897","-1.660569","207.56","LEEDS BRADFORD, UK","  61.5","24","  51.1","24","9999.9"," 0","999.9"," 0","  6.2","24"," 10.9","24"," 17.1"," 22.0","  66.2","*","  57.2","*","99.99"," ","999.9","010000"
"03346399999","2023-07-30","53.865897","-1.660569","207.56","LEEDS BRADFORD, UK","  57.8","24","  52.4","24","9999.9"," 0","999.9"," 0","  5.6","24"," 11.0","24"," 18.1"," 28.9","  62.6","*","  53.6","*","99.99"," ","999.9","110000"
"03346399999","2023-07-31","53.865897","-1.660569","207.56","LEEDS BRADFORD, UK","  59.3","24","  56.5","24","9999.9"," 0","999.9"," 0","  5.7","24"," 10.9","24"," 17.1"," 26.0","  60.8","*","  57.2","*","99.99"," ","999.9","010000"
"03346399999","2023-08-01","53.865897","-1.660569","207.56","LEEDS BRADFORD, UK","  57.7","24","  53.7","24","9999.9"," 0","999.9"," 0","  6.2","24","  9.5","24"," 15.0","999.9","  60.8","*","  55.4","*","99.99"," ","999.9","010000"
"03346399999","2023-08-02","53.865897","-1.660569","207.56","LEEDS BRADFORD, UK","  56.0","24","  54.6","24","9999.9"," 0","999.9"," 0","  4.2","24","  9.8","24"," 15.0"," 17.1","  57.2","*","  53.6","*","99.99"," ","999.9","010000"
"03346399999","2023-08-03","53.865897","-1.660569","207.56","LEEDS BRADFORD, UK","  59.5","24","  52.1","24","9999.9"," 0","999.9"," 0","  6.2","24","  9.6","24"," 14.0"," 19.0","  68.0","*","  51.8","*","99.99"," ","999.9","010000"
"03346399999","2023-08-04","53.865897","-1.660569","207.56","LEEDS BRADFORD, UK","  57.3","24","  53.5","24","9999.9"," 0","999.9"," 0","  5.9","24","  5.8","24"," 11.1","999.9","  64.4","*","  53.6","*","99.99"," ","999.9","010000"
"03346399999","2023-08-05","53.865897","-1.660569","207.56","LEEDS BRADFORD, UK","  53.3","24","  49.5","24","9999.9"," 0","999.9"," 0","  6.2","24","  7.2","24"," 17.1","999.9","  60.8","*","  50.0","*","99.99"," ","999.9","110000"
"03346399999","2023-08-06","53.865897","-1.660569","207.56","LEEDS BRADFORD, UK","  54.7","24","  47.4","24","9999.9"," 0","999.9"," 0","  6.2","24","  8.7","24"," 12.0","999.9","  60.8","*","  48.2","*","99.99"," ","999.9","010000"
"03346399999","2023-08-07","53.865897","-1.660569","207.56","LEEDS BRADFORD, UK","  56.4","24","  48.5","24","9999.9"," 0","999.9"," 0","  6.2","24"," 12.0","24"," 17.1","999.9","  62.6","*","  51.8","*"," 0.00","I","999.9","000000"
"03346399999","2023-08-08","53.865897","-1.660569","207.56","LEEDS BRADFORD, UK","  57.6","24","  48.3","24","9999.9"," 0","999.9"," 0","  6.2","24"," 10.3","24"," 14.0","999.9","  66.2","*","  51.8","*","99.99"," ","999.9","010000"
"03346399999","2023-08-09","53.865897","-1.660569","207.56","LEEDS BRADFORD, UK","  61.1","24","  53.3","24","9999.9"," 0","999.9"," 0","  6.2","24","  8.7","24"," 15.0","999.9","  68.0","*","  50.0","*"," 0.00","I","999.9","000000"
"03346399999","2023-08-10","53.865897","-1.660569","207.56","LEEDS BRADFORD, UK","  70.2","23","  60.6","23","9999.9"," 0","999.9"," 0","  6.2","23","  5.6","23","  9.9","999.9","  78.8","*","  60.8","*"," 0.00","I","999.9","000000"
"03346399999","2023-08-11","53.865897","-1.660569","207.56","LEEDS BRADFORD, UK","  66.3","24","  54.1","24","9999.9"," 0","999.9"," 0","  6.2","24","  9.7","24"," 15.0"," 22.0","  71.6","*","  59.0","*","99.99"," ","999.9","010000"
"03346399999","2023-08-12","53.865897","-1.660569","207.56","LEEDS BRADFORD, UK","  61.9","24","  54.2","24","9999.9"," 0","999.9"," 0","  6.2","24","  9.5","24"," 17.1"," 28.0","  68.0","*","  57.2","*","99.99"," ","999.9","010000"
"03346399999","2023-08-13","53.865897","-1.660569","207.56","LEEDS BRADFORD, UK","  60.0","24","  52.5","24","9999.9"," 0","999.9"," 0","  6.2","24","  8.1","24"," 12.0","999.9","  64.4","*","  57.2","*","99.99"," ","999.9","010000"
"03346399999","2023-08-14","53.865897","-1.660569","207.56","LEEDS BRADFORD, UK","  59.6","24","  58.2","24","9999.9"," 0","999.9"," 0","  3.5","24","  8.3","24"," 15.0","999.9","  66.2","*","  55.4","*","99.99"," ","999.9","110000"
"03346399999","2023-08-15","53.865897","-1.660569","207.56","LEEDS BRADFORD, UK","  60.4","24","  53.6","24","9999.9"," 0","999.9"," 0","  6.2","24"," 11.7","24"," 15.0","999.9","  66.2","*","  55.4","*"," 0.00","I","999.9","000000"
"03346399999","2023-08-16","53.865897","-1.660569","207.56","LEEDS BRADFORD, UK","  60.4","24","  54.9","24","9999.9"," 0","999.9"," 0","  6.0","24","  4.8","24","  8.0","999.9","  68.0","*","  53.6","*"," 0.00","I","999.9","100000"
"03346399999","2023-08-17","53.865897","-1.660569","207.56","LEEDS BRADFORD, UK","  59.4","24","  55.0","24","9999.9"," 0","999.9"," 0","  4.5","24","  7.8","24"," 11.1","999.9","  66.2","*","  57.2","*"," 0.00","I","999.9","000000"
"03346399999","2023-08-18","53.865897","-1.660569","207.56","LEEDS BRADFORD, UK","  58.7","24","  56.1","24","9999.9"," 0","999.9"," 0","  5.0","24","  9.3","24"," 12.0","999.9","  62.6","*","  55.4","*","99.99"," ","999.9","010000"
"03346399999","2023-08-19","53.865897","-1.660569","207.56","LEEDS BRADFORD, UK","  64.8","24","  56.3","24","9999.9"," 0","999.9"," 0","  5.2","24"," 11.0","24"," 18.1"," 29.9","  71.6","*","  59.0","*","99.99"," ","999.9","110000"
"03346399999","2023-08-20","53.865897","-1.660569","207.56","LEEDS BRADFORD, UK","  62.7","24","  54.0","24","9999.9"," 0","999.9"," 0","  6.2","24","  7.4","24"," 13.0","999.9","  69.8","*","  57.2","*"," 0.00","I","999.9","000000"
"03346399999","2023-08-21","53.865897","-1.660569","207.56","LEEDS BRADFORD, UK","  62.2","24","  54.5","24","9999.9"," 0","999.9"," 0","  6.2","24","  8.9","24"," 15.0","999.9","  69.8","*","  53.6","*","99.99"," ","999.9","010000"
"03346399999","2023-08-22","53.865897","-1.660569","207.56","LEEDS BRADFORD, UK","  62.6","24","  55.4","24","9999.9"," 0","999.9"," 0","  6.2","24"," 11.2","24"," 15.9"," 22.9","  66.2","*","  59.0","*"," 0.00","I","999.9","000000"
"03346399999","2023-08-23","53.865897","-1.660569","207.56","LEEDS BRADFORD, UK","  60.4","24","  55.8","24","9999.9"," 0","999.9"," 0","  5.7","24","  5.4","24","  8.9","999.9","  66.2","*","  57.2","*","99.99"," ","999.9","010000"
"03346399999","2023-08-24","53.865897","-1.660569","207.56","LEEDS BRADFORD, UK","  59.1","24","  54.4","24","9999.9"," 0","999.9"," 0","  5.7","24","  7.6","24"," 14.0","999.9","  62.6","*","  50.0","*","99.99"," ","999.9","010000"
"03346399999","2023-08-25","53.865897","-1.660569","207.56","LEEDS BRADFORD, UK","  55.2","24","  50.0","24","9999.9"," 0","999.9"," 0","  6.2","24","  7.5","24"," 13.0","999.9","  60.8","*","  50.0","*","99.99"," ","999.9","010000"
"03346399999","2023-08-26","53.865897","-1.660569","207.56","LEEDS BRADFORD, UK","  55.0","24","  48.9","24","9999.9"," 0","999.9"," 0","  6.2","24","  5.7","24","  8.9","999.9","  60.8","*","  50.0","*","99.99"," ","999.9","010000"
"03346399999","2023-08-27","53.865897","-1.660569","207.56","LEEDS BRADFORD, UK","  55.4","24","  50.8","24","9999.9"," 0","999.9"," 0","  6.2","24"," 10.7","24"," 19.0","999.9","  60.8","*","  46.4","*","99.99"," ","999.9","010000"
"03346399999","2023-08-28","53.865897","-1.660569","207.56","LEEDS BRADFORD, UK","  56.3","24","  49.9","24","9999.9"," 0","999.9"," 0","  6.2","24","  8.8","24"," 12.0","999.9","  60.8","*","  51.8","*","99.99"," ","999.9","010000"
"03346399999","2023-08-29","53.865897","-1.660569","207.56","LEEDS BRADFORD, UK","  57.3","24","  50.8","24","9999.9"," 0","999.9"," 0","  6.1","24","  8.7","24"," 15.9","999.9","  64.4","*","  51.8","*","99.99"," ","999.9","010000"
"03346399999","2023-08-30","53.865897","-1.660569","207.56","LEEDS BRADFORD, UK","  55.5","24","  47.1","24","9999.9"," 0","999.9"," 0","  6.2","24","  9.7","24"," 14.0","999.9","  64.4","*","  48.2","*"," 0.00","I","999.9","000000"
"03346399999","2023-08-31","53.865897","-1.660569","207.56","LEEDS BRADFORD, UK","  56.9","23","  49.6","23","9999.9"," 0","999.9"," 0","  5.9","23","  5.7","23","  8.0","999.9","  64.4","*","  48.2","*","99.99"," ","999.9","010000"
"03346399999","2023-09-01","53.865897","-1.660569","207.56","LEEDS BRADFORD, UK","  57.6","23","  56.0","23","9999.9"," 0","999.9"," 0","  3.2","23","  5.0","23","  7.0","999.9","  62.6","*","  53.6","*","99.99"," ","999.9","110000"
"03346399999","2023-09-02","53.865897","-1.660569","207.56","LEEDS BRADFORD, UK","  62.0","20","  55.0","20","9999.9"," 0","999.9"," 0","  5.1","20","  3.5","20","  5.1","999.9","  69.8","*","  55.4","*"," 0.00","I","999.9","000000"
