"STATION","DATE","LATITUDE","LONGITUDE","ELEVATION","NAME","TEMP","TEMP_ATTRIBUTES","DEWP","DEWP_ATTRIBUTES","SLP","SLP_ATTRIBUTES","STP","STP_ATTRIBUTES","VISIB","VISIB_ATTRIBUTES","WDSP","WDSP_ATTRIBUTES","MXSPD","GUST","MAX","MAX_ATTRIBUTES","MIN","MIN_ATTRIBUTES","PRCP","PRCP_ATTRIBUTES","SNDP","FRSHTT"
"03469099999","2023-01-01","52.8666667","0.15","3.0","HOLBEACH AUT, UK","  48.3","24","  44.7","24","9999.9"," 0","999.9"," 0","  7.6","24"," 15.4","24"," 22.0"," 32.1","  53.2"," ","  44.6","*"," 0.23","G","999.9","010000"
"03469099999","2023-01-02","52.8666667","0.15","3.0","HOLBEACH AUT, UK","  40.7","24","  37.8","24","9999.9"," 0","999.9"," 0","  6.7","24","  8.6","24"," 13.0","999.9","  49.5"," ","  33.6","*"," 0.09","G","999.9","010000"
"03469099999","2023-01-03","52.8666667","0.15","3.0","HOLBEACH AUT, UK","  43.7","24","  42.6","24","9999.9"," 0","999.9"," 0","  5.7","24"," 14.3","24"," 25.1"," 33.0","  53.6","*","  30.2","*"," 0.01","G","999.9","010000"
"03469099999","2023-01-04","52.8666667","0.15","3.0","HOLBEACH AUT, UK","  52.8","23","  48.2","23","9999.9"," 0","999.9"," 0","  7.3","22"," 19.4","23"," 25.1"," 33.0","  56.3"," ","  47.5","*"," 0.21","G","999.9","010000"
"03469099999","2023-01-05","52.8666667","0.15","3.0","HOLBEACH AUT, UK","  49.7","24","  46.7","24","9999.9"," 0","999.9"," 0","  6.7","24"," 14.0","24"," 22.9","999.9","  53.6"," ","  44.6"," "," 0.00","G","999.9","010000"
"03469099999","2023-01-06","52.8666667","0.15","3.0","HOLBEACH AUT, UK","  46.9","24","  44.4","24","9999.9"," 0","999.9"," 0","  7.2","24"," 14.9","24"," 22.9","999.9","  52.2","*","  41.0","*"," 0.13","G","999.9","010000"
"03469099999","2023-01-07","52.8666667","0.15","3.0","HOLBEACH AUT, UK","  50.4","24","  46.1","24","9999.9"," 0","999.9"," 0","  7.5","24"," 19.5","24"," 28.0"," 40.0","  53.6"," ","  43.9","*"," 0.02","G","999.9","010000"
"03469099999","2023-01-08","52.8666667","0.15","3.0","HOLBEACH AUT, UK","  44.1","24","  40.3","24","9999.9"," 0","999.9"," 0","  6.7","24"," 15.8","24"," 21.0","999.9","  49.5"," ","  37.4","*"," 0.17","G","999.9","010000"
"03469099999","2023-01-09","52.8666667","0.15","3.0","HOLBEACH AUT, UK","  41.0","24","  37.2","24","9999.9"," 0","999.9"," 0","  7.0","24"," 12.2","24"," 17.1","999.9","  46.9"," ","  36.9"," "," 0.00","G","999.9","000000"
"03469099999","2023-01-10","52.8666667","0.15","3.0","HOLBEACH AUT, UK","  45.7","24","  43.2","24","9999.9"," 0","999.9"," 0","  6.0","24"," 18.0","24"," 31.1"," 42.9","  55.4","*","  37.2"," "," 0.00","G","999.9","010000"
"03469099999","2023-01-11","52.8666667","0.15","3.0","HOLBEACH AUT, UK","  45.8","24","  41.1","24","9999.9"," 0","999.9"," 0","  7.8","24"," 17.6","24"," 28.9"," 42.0","  55.0"," ","  41.7"," "," 0.01","A","999.9","010000"
"03469099999","2023-01-12","52.8666667","0.15","3.0","HOLBEACH AUT, UK","  50.0","24","  44.8","24","9999.9"," 0","999.9"," 0","  6.0","24"," 21.9","24"," 28.9"," 42.0","  55.4","*","  44.1"," "," 0.00","H","999.9","010000"
"03469099999","2023-01-13","52.8666667","0.15","3.0","HOLBEACH AUT, UK","  45.4","24","  38.3","24","9999.9"," 0","999.9"," 0","  6.5","24"," 20.5","24"," 28.9"," 41.0","  49.5"," ","  41.0","*"," 0.00","G","999.9","000000"
"03469099999","2023-01-14","52.8666667","0.15","3.0","HOLBEACH AUT, UK","  45.2","24","  41.6","24","9999.9"," 0","999.9"," 0","  5.7","24"," 18.6","24"," 27.0"," 35.0","  52.5"," ","  39.2","*"," 0.26","G","999.9","010000"
"03469099999","2023-01-15","52.8666667","0.15","3.0","HOLBEACH AUT, UK","  40.4","24","  35.4","24","9999.9"," 0","999.9"," 0","  7.4","24"," 16.7","24"," 28.0"," 35.9","  45.1"," ","  37.0"," "," 0.10","G","999.9","000000"
"03469099999","2023-01-16","52.8666667","0.15","3.0","HOLBEACH AUT, UK","  34.3","24","  31.4","24","9999.9"," 0","999.9"," 0","  6.0","24"," 10.5","24"," 21.0"," 28.9","  39.6"," ","  28.4","*"," 0.00","G","999.9","000000"
"03469099999","2023-01-17","52.8666667","0.15","3.0","HOLBEACH AUT, UK","  30.0","24","  27.1","24"," 987.2"," 9","986.8"," 9","  9.0","24","  7.5","21"," 11.1","999.9","  35.6"," ","  23.0","*"," 0.00","G","999.9","000000"
"03469099999","2023-01-18","52.8666667","0.15","3.0","HOLBEACH AUT, UK","  33.5","24","  29.7","24","9999.9"," 0","999.9"," 0","  6.9","24"," 10.6","24"," 14.0","999.9","  39.7"," ","  28.9"," "," 0.01","G","999.9","000000"
"03469099999","2023-01-19","52.8666667","0.15","3.0","HOLBEACH AUT, UK","  32.4","24","  29.5","24","9999.9"," 0","999.9"," 0","  7.1","24","  7.9","24"," 12.0","999.9","  39.2","*","  27.7"," "," 0.00","G","999.9","000000"
"03469099999","2023-01-20","52.8666667","0.15","3.0","HOLBEACH AUT, UK","  35.7","24","  32.0","24","9999.9"," 0","999.9"," 0","  7.5","24"," 10.9","24"," 17.1","999.9","  42.8"," ","  30.2","*"," 0.01","G","999.9","010000"
"03469099999","2023-01-21","52.8666667","0.15","3.0","HOLBEACH AUT, UK","  32.3","23","  30.0","23","1031.1","10","030.7","10","  4.6","23","  3.4","21","  8.0","999.9","  44.4"," ","  24.8","*"," 0.00","G","999.9","100000"
"03469099999","2023-01-22","52.8666667","0.15","3.0","HOLBEACH AUT, UK","  28.3","23","  27.6","23","1035.2","10","034.8","10","  2.6","23","  4.3","22","  6.0","999.9","  34.5"," ","  23.0"," "," 0.01","G","999.9","111000"
"03469099999","2023-01-23","52.8666667","0.15","3.0","HOLBEACH AUT, UK","  30.4","24","  28.0","24","9999.9"," 0","999.9"," 0","  4.7","24","  4.3","24","  7.0","999.9","  41.5"," ","  23.0"," "," 0.01","G","999.9","000000"
"03469099999","2023-01-24","52.8666667","0.15","3.0","HOLBEACH AUT, UK","  30.7","24","  29.2","24","1039.3"," 9","038.9"," 9","  2.9","24","  5.6","24","  9.9","999.9","  41.0"," ","  23.2"," "," 0.00","G","999.9","000000"
"03469099999","2023-01-25","52.8666667","0.15","3.0","HOLBEACH AUT, UK","  36.1","24","  35.9","24","9999.9"," 0","999.9"," 0","  2.0","24","  8.8","24"," 12.0","999.9","  41.9"," ","  30.9"," "," 0.01","G","999.9","110000"
"03469099999","2023-01-26","52.8666667","0.15","3.0","HOLBEACH AUT, UK","  39.1","24","  37.3","24","9999.9"," 0","999.9"," 0","  6.5","24"," 10.3","24"," 17.1"," 24.1","  45.1"," ","  32.0","*"," 0.06","G","999.9","010000"
"03469099999","2023-01-27","52.8666667","0.15","3.0","HOLBEACH AUT, UK","  39.5","24","  36.7","24","9999.9"," 0","999.9"," 0","  6.1","24","  7.9","24"," 11.1","999.9","  46.4","*","  30.2","*"," 0.02","G","999.9","010000"
"03469099999","2023-01-28","52.8666667","0.15","3.0","HOLBEACH AUT, UK","  38.2","24","  35.9","24","1031.1"," 5","030.7"," 5","  6.4","24","  5.3","24","  8.9","999.9","  43.0"," ","  28.8"," "," 0.01","G","999.9","000000"
"03469099999","2023-01-29","52.8666667","0.15","3.0","HOLBEACH AUT, UK","  42.2","24","  39.6","24","9999.9"," 0","999.9"," 0","  5.5","24"," 11.6","24"," 17.1","999.9","  46.9"," ","  39.2","*"," 0.00","G","999.9","010000"
"03469099999","2023-01-30","52.8666667","0.15","3.0","HOLBEACH AUT, UK","  42.7","24","  36.8","24","9999.9"," 0","999.9"," 0","  7.2","24"," 11.0","24"," 15.9","999.9","  49.1"," ","  36.7","*"," 0.00","G","999.9","000000"
"03469099999","2023-01-31","52.8666667","0.15","3.0","HOLBEACH AUT, UK","  43.4","24","  37.0","24","9999.9"," 0","999.9"," 0","  6.6","24"," 15.0","24"," 21.0"," 32.1","  51.8","*","  36.5"," "," 0.00","G","999.9","000000"
"03469099999","2023-02-01","52.8666667","0.15","3.0","HOLBEACH AUT, UK","  43.5","24","  37.8","24","9999.9"," 0","999.9"," 0","  6.5","24"," 13.8","24"," 21.0","999.9","  50.0"," ","  37.4","*"," 0.00","G","999.9","000000"
"03469099999","2023-02-02","52.8666667","0.15","3.0","HOLBEACH AUT, UK","  47.3","24","  42.1","24","9999.9"," 0","999.9"," 0","  6.7","24"," 12.9","24"," 17.1","999.9","  52.5"," ","  42.8","*"," 0.00","G","999.9","000000"
"03469099999","2023-02-03","52.8666667","0.15","3.0","HOLBEACH AUT, UK","  49.3","24","  45.0","24","9999.9"," 0","999.9"," 0","  7.8","24"," 11.5","24"," 21.0"," 31.1","  55.9"," ","  41.0","*"," 0.00","G","999.9","000000"
"03469099999","2023-02-04","52.8666667","0.15","3.0","HOLBEACH AUT, UK","  46.3","24","  42.6","24","9999.9"," 0","999.9"," 0","  7.2","24","  7.7","24"," 12.0","999.9","  51.1"," ","  40.6"," "," 0.00","G","999.9","000000"
"03469099999","2023-02-05","52.8666667","0.15","3.0","HOLBEACH AUT, UK","  38.9","24","  34.5","24","9999.9"," 0","999.9"," 0","  6.3","24","  7.6","24"," 14.0","999.9","  48.2","*","  30.2","*"," 0.00","G","999.9","100000"
"03469099999","2023-02-06","52.8666667","0.15","3.0","HOLBEACH AUT, UK","  34.7","24","  32.0","24","9999.9"," 0","999.9"," 0","  3.9","24","  6.2","24"," 12.0","999.9","  47.1"," ","  25.3"," "," 0.00","G","999.9","100000"
"03469099999","2023-02-07","52.8666667","0.15","3.0","HOLBEACH AUT, UK","  34.4","24","  32.0","24","9999.9"," 0","999.9"," 0","  3.9","24","  5.2","24","  8.0","999.9","  46.4","*","  26.2"," "," 0.01","G","999.9","000000"
"03469099999","2023-02-08","52.8666667","0.15","3.0","HOLBEACH AUT, UK","  35.3","24","  30.3","24","9999.9"," 0","999.9"," 0","  4.4","24","  9.7","24"," 14.0","999.9","  45.7"," ","  28.2"," "," 0.00","G","999.9","000000"
"03469099999","2023-02-09","52.8666667","0.15","3.0","HOLBEACH AUT, UK","  38.6","24","  32.8","24","9999.9"," 0","999.9"," 0","  5.2","24","  8.9","24"," 14.0","999.9","  48.2","*","  32.0","*"," 0.01","G","999.9","000000"
"03469099999","2023-02-10","52.8666667","0.15","3.0","HOLBEACH AUT, UK","  38.5","24","  35.1","24","9999.9"," 0","999.9"," 0","  6.6","24"," 11.2","24"," 17.1","999.9","  46.4","*","  30.2","*"," 0.00","G","999.9","000000"
"03469099999","2023-02-11","52.8666667","0.15","3.0","HOLBEACH AUT, UK","  46.6","24","  41.8","24","9999.9"," 0","999.9"," 0","  6.7","24","  6.6","24"," 13.0","999.9","  50.0","*","  41.7"," "," 0.00","G","999.9","000000"
"03469099999","2023-02-12","52.8666667","0.15","3.0","HOLBEACH AUT, UK","  44.3","24","  41.0","24","9999.9"," 0","999.9"," 0","  6.5","24","  3.2","24","  6.0","999.9","  48.2","*","  42.3"," "," 0.00","G","999.9","000000"
"03469099999","2023-02-13","52.8666667","0.15","3.0","HOLBEACH AUT, UK","  43.0","24","  37.8","24","9999.9"," 0","999.9"," 0","  4.3","24","  6.4","24","  9.9","999.9","  50.4"," ","  33.8","*"," 0.00","G","999.9","100000"
"03469099999","2023-02-14","52.8666667","0.15","3.0","HOLBEACH AUT, UK","  35.3","24","  35.2","24","9999.9"," 0","999.9"," 0","  0.2","24","  5.4","24","  8.9","999.9","  43.5"," ","  31.3"," "," 0.00","G","999.9","110000"
"03469099999","2023-02-15","52.8666667","0.15","3.0","HOLBEACH AUT, UK","  43.7","24","  41.0","24","9999.9"," 0","999.9"," 0","  2.6","24","  9.5","24"," 18.1","999.9","  55.9"," ","  31.8"," "," 0.01","G","999.9","110000"
"03469099999","2023-02-16","52.8666667","0.15","3.0","HOLBEACH AUT, UK","  48.0","24","  46.1","24","9999.9"," 0","999.9"," 0","  5.4","24"," 12.3","24"," 18.1","999.9","  54.1"," ","  42.8","*"," 0.07","G","999.9","010000"
"03469099999","2023-02-17","52.8666667","0.15","3.0","HOLBEACH AUT, UK","  52.7","24","  47.3","24","9999.9"," 0","999.9"," 0","  6.9","24"," 16.2","24"," 27.0"," 35.9","  59.7"," ","  47.8"," "," 0.11","G","999.9","010000"
"03469099999","2023-02-18","52.8666667","0.15","3.0","HOLBEACH AUT, UK","  52.4","24","  47.3","24","9999.9"," 0","999.9"," 0","  6.3","24"," 13.8","24"," 22.0","999.9","  57.4"," ","  47.8"," "," 0.00","G","999.9","010000"
"03469099999","2023-02-19","52.8666667","0.15","3.0","HOLBEACH AUT, UK","  48.2","24","  41.4","24","9999.9"," 0","999.9"," 0","  7.4","24"," 11.7","24"," 19.0","999.9","  53.6","*","  42.8"," "," 0.01","G","999.9","010000"
"03469099999","2023-02-20","52.8666667","0.15","3.0","HOLBEACH AUT, UK","  50.2","24","  45.5","24","9999.9"," 0","999.9"," 0","  6.7","24"," 15.6","24"," 22.9"," 28.9","  60.8"," ","  42.8","*"," 0.00","G","999.9","000000"
"03469099999","2023-02-21","52.8666667","0.15","3.0","HOLBEACH AUT, UK","  48.5","24","  44.4","24","9999.9"," 0","999.9"," 0","  6.4","24","  9.2","24"," 13.0","999.9","  54.1"," ","  44.6","*"," 0.00","G","999.9","000000"
"03469099999","2023-02-22","52.8666667","0.15","3.0","HOLBEACH AUT, UK","  44.7","24","  42.8","24","9999.9"," 0","999.9"," 0","  4.0","24","  9.0","24"," 15.0","999.9","  49.5"," ","  41.0","*"," 0.06","G","999.9","010000"
"03469099999","2023-02-23","52.8666667","0.15","3.0","HOLBEACH AUT, UK","  41.4","24","  37.3","24","9999.9"," 0","999.9"," 0","  5.5","24"," 13.4","24"," 22.0","999.9","  48.0"," ","  30.2","*"," 0.13","G","999.9","010000"
"03469099999","2023-02-24","52.8666667","0.15","3.0","HOLBEACH AUT, UK","  41.3","24","  36.9","24","9999.9"," 0","999.9"," 0","  6.4","24"," 12.5","24"," 20.0"," 27.0","  50.4"," ","  30.7"," "," 0.01","G","999.9","010000"
"03469099999","2023-02-25","52.8666667","0.15","3.0","HOLBEACH AUT, UK","  40.6","24","  36.0","24","9999.9"," 0","999.9"," 0","  6.6","24"," 14.9","24"," 22.9"," 31.1","  47.1"," ","  36.5"," "," 0.02","G","999.9","010000"
"03469099999","2023-02-26","52.8666667","0.15","3.0","HOLBEACH AUT, UK","  40.4","24","  33.2","24","9999.9"," 0","999.9"," 0","  6.7","24"," 10.7","24"," 14.0"," 24.1","  46.6"," ","  35.2"," "," 0.02","G","999.9","010000"
"03469099999","2023-02-27","52.8666667","0.15","3.0","HOLBEACH AUT, UK","  41.5","24","  38.9","24","9999.9"," 0","999.9"," 0","  6.5","24"," 10.8","24"," 17.1","999.9","  46.8"," ","  35.2"," "," 0.04","G","999.9","010000"
"03469099999","2023-02-28","52.8666667","0.15","3.0","HOLBEACH AUT, UK","  42.4","24","  40.2","24","9999.9"," 0","999.9"," 0","  7.3","24"," 11.7","24"," 17.1","999.9","  48.2"," ","  37.2"," "," 0.02","G","999.9","010000"
"03469099999","2023-03-01","52.8666667","0.15","3.0","HOLBEACH AUT, UK","  42.2","24","  40.4","24","9999.9"," 0","999.9"," 0","  5.8","24"," 11.5","24"," 17.1","999.9","  47.3"," ","  39.0"," "," 0.02","G","999.9","010000"
"03469099999","2023-03-02","52.8666667","0.15","3.0","HOLBEACH AUT, UK","  41.3","22","  35.2","22","9999.9"," 0","999.9"," 0","  7.9","22"," 11.4","22"," 15.0","999.9","  44.6","*","  37.2"," "," 0.06","G","999.9","010000"
"03469099999","2023-03-03","52.8666667","0.15","3.0","HOLBEACH AUT, UK","  42.4","18","  36.0","18","9999.9"," 0","999.9"," 0","  6.2","18"," 10.4","18"," 15.0","999.9","  46.4"," ","  38.1"," "," 0.00","G","999.9","010000"
"03469099999","2023-03-04","52.8666667","0.15","3.0","HOLBEACH AUT, UK","  41.6","24","  35.7","24","9999.9"," 0","999.9"," 0","  6.8","24","  8.9","24"," 14.0","999.9","  45.5"," ","  38.7"," "," 0.01","G","999.9","010000"
"03469099999","2023-03-05","52.8666667","0.15","3.0","HOLBEACH AUT, UK","  38.4","24","  32.1","24","9999.9"," 0","999.9"," 0","  6.7","24","  5.7","24","  8.9","999.9","  42.1"," ","  30.2","*"," 0.00","G","999.9","000000"
"03469099999","2023-03-06","52.8666667","0.15","3.0","HOLBEACH AUT, UK","  38.1","24","  35.8","24","9999.9"," 0","999.9"," 0","  5.3","24","  8.8","24"," 15.0","999.9","  46.4"," ","  29.3"," "," 0.08","F","999.9","010000"
"03469099999","2023-03-07","52.8666667","0.15","3.0","HOLBEACH AUT, UK","  35.8","24","  30.2","24","9999.9"," 0","999.9"," 0","  6.6","24","  6.4","24"," 13.0","999.9","  43.3"," ","  28.4","*"," 0.01","F","999.9","010000"
"03469099999","2023-03-08","52.8666667","0.15","3.0","HOLBEACH AUT, UK","  34.8","24","  28.4","24","9999.9"," 0","999.9"," 0","  6.1","24"," 11.1","24"," 15.0"," 26.0","  41.4"," ","  26.6","*"," 0.00","H","999.9","011000"
"03469099999","2023-03-09","52.8666667","0.15","3.0","HOLBEACH AUT, UK","  35.7","24","  33.8","24","9999.9"," 0","999.9"," 0","  5.5","24"," 15.0","24"," 25.1","999.9","  39.2","*","  32.0","*"," 0.02","G","999.9","011000"
"03469099999","2023-03-10","52.8666667","0.15","3.0","HOLBEACH AUT, UK","  36.4","24","  32.7","24","9999.9"," 0","999.9"," 0","  4.8","24"," 19.4","24"," 35.9"," 42.9","  42.8"," ","  31.3","*"," 0.65","G","999.9","011000"
"03469099999","2023-03-11","52.8666667","0.15","3.0","HOLBEACH AUT, UK","  36.2","24","  29.7","24","9999.9"," 0","999.9"," 0","  6.7","24","  6.2","24"," 13.0","999.9","  46.4","*","  26.2"," "," 0.20","G","999.9","010000"
"03469099999","2023-03-12","52.8666667","0.15","3.0","HOLBEACH AUT, UK","  48.0","24","  44.1","24","9999.9"," 0","999.9"," 0","  5.3","24"," 15.1","24"," 21.0","999.9","  55.8"," ","  36.3"," "," 0.06","G","999.9","010000"
"03469099999","2023-03-13","52.8666667","0.15","3.0","HOLBEACH AUT, UK","  53.4","24","  48.5","24","9999.9"," 0","999.9"," 0","  6.4","24"," 25.2","24"," 34.0"," 49.0","  59.0"," ","  44.6","*"," 0.09","G","999.9","010000"
"03469099999","2023-03-14","52.8666667","0.15","3.0","HOLBEACH AUT, UK","  40.5","24","  35.8","24","9999.9"," 0","999.9"," 0","  6.5","24"," 12.5","24"," 20.0","999.9","  52.7"," ","  33.8","*"," 0.20","G","999.9","010000"
"03469099999","2023-03-15","52.8666667","0.15","3.0","HOLBEACH AUT, UK","  38.4","24","  34.6","24","9999.9"," 0","999.9"," 0","  5.3","24","  9.6","24"," 15.9","999.9","  46.4","*","  28.4","*"," 0.03","G","999.9","010000"
"03469099999","2023-03-16","52.8666667","0.15","3.0","HOLBEACH AUT, UK","  50.2","24","  46.2","24","9999.9"," 0","999.9"," 0","  6.9","24"," 15.1","24"," 24.1","999.9","  55.4","*","  41.4"," "," 0.09","G","999.9","010000"
"03469099999","2023-03-17","52.8666667","0.15","3.0","HOLBEACH AUT, UK","  51.7","24","  48.7","24","9999.9"," 0","999.9"," 0","  6.6","24","  9.9","24"," 13.0","999.9","  57.6"," ","  47.1"," "," 0.02","G","999.9","010000"
"03469099999","2023-03-18","52.8666667","0.15","3.0","HOLBEACH AUT, UK","  49.9","24","  47.6","24","9999.9"," 0","999.9"," 0","  6.0","24","  7.3","24","  9.9","999.9","  54.0"," ","  46.4"," "," 0.00","G","999.9","010000"
"03469099999","2023-03-19","52.8666667","0.15","3.0","HOLBEACH AUT, UK","  47.2","24","  41.1","24","9999.9"," 0","999.9"," 0","  6.5","24","  8.8","24"," 15.9","999.9","  55.4"," ","  42.8","*"," 0.06","G","999.9","010000"
"03469099999","2023-03-20","52.8666667","0.15","3.0","HOLBEACH AUT, UK","  50.4","24","  47.9","24","9999.9"," 0","999.9"," 0","  5.7","24"," 12.1","24"," 15.9","999.9","  60.8","*","  42.8"," "," 0.05","G","999.9","010000"
"03469099999","2023-03-21","52.8666667","0.15","3.0","HOLBEACH AUT, UK","  52.6","24","  47.4","24","9999.9"," 0","999.9"," 0","  6.3","24"," 16.0","24"," 22.9","999.9","  60.8"," ","  48.2","*"," 0.25","G","999.9","010000"
"03469099999","2023-03-22","52.8666667","0.15","3.0","HOLBEACH AUT, UK","  53.1","24","  45.4","24","9999.9"," 0","999.9"," 0","  6.9","24"," 19.1","24"," 27.0"," 33.0","  59.7"," ","  48.2","*"," 0.09","G","999.9","010000"
"03469099999","2023-03-23","52.8666667","0.15","3.0","HOLBEACH AUT, UK","  50.4","24","  44.5","24","9999.9"," 0","999.9"," 0","  6.0","24"," 16.6","24"," 27.0"," 35.0","  59.4"," ","  42.8","*"," 0.01","G","999.9","010000"
"03469099999","2023-03-24","52.8666667","0.15","3.0","HOLBEACH AUT, UK","  49.1","24","  43.1","24","9999.9"," 0","999.9"," 0","  7.4","24"," 18.2","24"," 27.0"," 36.9","  58.1"," ","  43.5"," "," 0.14","G","999.9","010000"
"03469099999","2023-03-25","52.8666667","0.15","3.0","HOLBEACH AUT, UK","  49.0","24","  42.6","24","9999.9"," 0","999.9"," 0","  6.9","24"," 14.9","24"," 25.1"," 39.0","  56.5"," ","  41.0","*"," 0.01","G","999.9","010000"
"03469099999","2023-03-26","52.8666667","0.15","3.0","HOLBEACH AUT, UK","  43.7","24","  37.8","24","9999.9"," 0","999.9"," 0","  6.4","24"," 14.2","24"," 22.9","999.9","  51.3"," ","  37.4","*"," 0.01","G","999.9","010000"
"03469099999","2023-03-27","52.8666667","0.15","3.0","HOLBEACH AUT, UK","  39.5","24","  30.6","24","9999.9"," 0","999.9"," 0","  7.1","24","  7.9","24"," 15.0","999.9","  49.1"," ","  32.0","*"," 0.00","G","999.9","000000"
"03469099999","2023-03-28","52.8666667","0.15","3.0","HOLBEACH AUT, UK","  42.5","24","  38.5","24","9999.9"," 0","999.9"," 0","  8.0","24"," 11.9","24"," 20.0","999.9","  46.8"," ","  33.4"," "," 0.00","G","999.9","010000"
"03469099999","2023-03-29","52.8666667","0.15","3.0","HOLBEACH AUT, UK","  51.3","24","  49.7","24","9999.9"," 0","999.9"," 0","  5.6","24"," 13.8","24"," 19.0","999.9","  57.2","*","  44.2"," "," 0.18","G","999.9","010000"
"03469099999","2023-03-30","52.8666667","0.15","3.0","HOLBEACH AUT, UK","  54.7","24","  48.3","24","9999.9"," 0","999.9"," 0","  6.9","24"," 16.9","24"," 24.1","999.9","  62.6","*","  48.2","*"," 0.25","G","999.9","010000"
"03469099999","2023-03-31","52.8666667","0.15","3.0","HOLBEACH AUT, UK","  50.5","24","  48.9","24","9999.9"," 0","999.9"," 0","  5.3","24"," 12.7","24"," 17.1","999.9","  57.6"," ","  46.4","*"," 0.10","G","999.9","010000"
"03469099999","2023-04-01","52.8666667","0.15","3.0","HOLBEACH AUT, UK","  45.7","24","  43.7","24","9999.9"," 0","999.9"," 0","  6.1","24"," 16.0","24"," 19.0","999.9","  50.0","*","  43.9"," "," 0.12","G","999.9","010000"
"03469099999","2023-04-02","52.8666667","0.15","3.0","HOLBEACH AUT, UK","  44.4","24","  35.9","24","9999.9"," 0","999.9"," 0","  6.5","24"," 12.6","24"," 15.9","999.9","  49.3"," ","  35.6","*"," 0.00","G","999.9","010000"
"03469099999","2023-04-03","52.8666667","0.15","3.0","HOLBEACH AUT, UK","  43.0","24","  35.1","24","9999.9"," 0","999.9"," 0","  7.0","24","  9.7","24"," 17.1","999.9","  53.6"," ","  32.7"," "," 0.00","G","999.9","000000"
"03469099999","2023-04-04","52.8666667","0.15","3.0","HOLBEACH AUT, UK","  42.7","24","  33.8","24","9999.9"," 0","999.9"," 0","  7.0","24","  6.8","24","  8.9","999.9","  55.4","*","  30.2","*"," 0.00","G","999.9","000000"
"03469099999","2023-04-05","52.8666667","0.15","3.0","HOLBEACH AUT, UK","  46.0","24","  40.4","24","9999.9"," 0","999.9"," 0","  5.2","24","  9.0","24"," 14.0","999.9","  55.9"," ","  36.7"," "," 0.00","G","999.9","010000"
"03469099999","2023-04-06","52.8666667","0.15","3.0","HOLBEACH AUT, UK","  50.0","24","  45.1","24","9999.9"," 0","999.9"," 0","  4.6","24"," 10.4","24"," 19.0","999.9","  58.1"," ","  44.6","*"," 0.32","G","999.9","010000"
"03469099999","2023-04-07","52.8666667","0.15","3.0","HOLBEACH AUT, UK","  45.4","24","  40.6","24","9999.9"," 0","999.9"," 0","  6.7","24","  8.4","24"," 12.0","999.9","  54.1"," ","  37.2"," "," 0.16","G","999.9","010000"
"03469099999","2023-04-08","52.8666667","0.15","3.0","HOLBEACH AUT, UK","  45.4","24","  42.0","24","9999.9"," 0","999.9"," 0","  5.0","24","  6.3","24"," 11.1","999.9","  54.3"," ","  35.2"," "," 0.00","G","999.9","100000"
"03469099999","2023-04-09","52.8666667","0.15","3.0","HOLBEACH AUT, UK","  48.7","24","  42.5","24","9999.9"," 0","999.9"," 0","  3.9","24","  7.7","24"," 12.0","999.9","  59.2"," ","  39.9"," "," 0.00","G","999.9","100000"
"03469099999","2023-04-10","52.8666667","0.15","3.0","HOLBEACH AUT, UK","  50.3","24","  45.7","24","9999.9"," 0","999.9"," 0","  5.1","24"," 13.6","24"," 22.9"," 34.0","  59.4"," ","  43.7","*"," 0.10","G","999.9","010000"
"03469099999","2023-04-11","52.8666667","0.15","3.0","HOLBEACH AUT, UK","  47.3","24","  40.2","24","9999.9"," 0","999.9"," 0","  7.6","24"," 15.8","24"," 22.0"," 32.1","  57.2","*","  39.2","*"," 0.42","G","999.9","010000"
"03469099999","2023-04-12","52.8666667","0.15","3.0","HOLBEACH AUT, UK","  44.6","24","  38.5","24","9999.9"," 0","999.9"," 0","  6.9","24"," 16.9","24"," 31.1"," 45.1","  52.2"," ","  38.7"," "," 0.17","G","999.9","010000"
"03469099999","2023-04-13","52.8666667","0.15","3.0","HOLBEACH AUT, UK","  46.8","24","  38.5","24","9999.9"," 0","999.9"," 0","  7.5","24"," 15.4","24"," 22.9"," 28.9","  55.4","*","  37.4","*"," 0.09","G","999.9","010000"
"03469099999","2023-04-14","52.8666667","0.15","3.0","HOLBEACH AUT, UK","  44.5","24","  39.7","24","9999.9"," 0","999.9"," 0","  6.5","24","  7.0","24"," 12.0","999.9","  57.6"," ","  33.4"," "," 0.01","G","999.9","010000"
"03469099999","2023-04-15","52.8666667","0.15","3.0","HOLBEACH AUT, UK","  48.2","24","  44.7","24","9999.9"," 0","999.9"," 0","  6.2","24"," 10.9","24"," 14.0","999.9","  56.1"," ","  39.2","*"," 0.38","G","999.9","010000"
"03469099999","2023-04-16","52.8666667","0.15","3.0","HOLBEACH AUT, UK","  50.5","24","  44.1","24","9999.9"," 0","999.9"," 0","  5.5","24","  4.6","24","  7.0","999.9","  59.9"," ","  39.0"," "," 0.01","G","999.9","000000"
"03469099999","2023-04-17","52.8666667","0.15","3.0","HOLBEACH AUT, UK","  49.5","24","  44.1","24","9999.9"," 0","999.9"," 0","  6.4","24","  9.6","24"," 18.1","999.9","  57.2","*","  44.6","*"," 0.00","G","999.9","010000"
"03469099999","2023-04-18","52.8666667","0.15","3.0","HOLBEACH AUT, UK","  49.2","24","  43.1","24","9999.9"," 0","999.9"," 0","  5.5","24"," 17.2","24"," 22.9","999.9","  55.4"," ","  44.6","*"," 0.00","G","999.9","000000"
"03469099999","2023-04-19","52.8666667","0.15","3.0","HOLBEACH AUT, UK","  49.8","24","  43.5","24","9999.9"," 0","999.9"," 0","  6.0","24"," 18.3","24"," 25.1","999.9","  56.1"," ","  45.9"," "," 0.00","G","999.9","000000"
"03469099999","2023-04-20","52.8666667","0.15","3.0","HOLBEACH AUT, UK","  49.4","24","  41.5","24","9999.9"," 0","999.9"," 0","  6.7","24"," 18.2","24"," 25.1","999.9","  55.6"," ","  44.6","*"," 0.00","G","999.9","010000"
"03469099999","2023-04-21","52.8666667","0.15","3.0","HOLBEACH AUT, UK","  49.4","24","  46.1","24","9999.9"," 0","999.9"," 0","  4.6","24"," 14.6","24"," 21.0","999.9","  56.3"," ","  46.0"," "," 0.31","G","999.9","010000"
"03469099999","2023-04-22","52.8666667","0.15","3.0","HOLBEACH AUT, UK","  49.5","24","  43.8","24","9999.9"," 0","999.9"," 0","  4.5","24","  7.6","24"," 12.0","999.9","  57.9"," ","  44.1"," "," 0.10","G","999.9","110000"
"03469099999","2023-04-23","52.8666667","0.15","3.0","HOLBEACH AUT, UK","  50.4","24","  45.8","24","9999.9"," 0","999.9"," 0","  5.9","24"," 11.3","24"," 18.1","999.9","  59.0","*","  44.6","*"," 0.01","G","999.9","010000"
"03469099999","2023-04-24","52.8666667","0.15","3.0","HOLBEACH AUT, UK","  45.2","24","  37.7","24","9999.9"," 0","999.9"," 0","  6.2","24"," 12.5","24"," 18.1","999.9","  53.6","*","  37.4","*"," 0.00","G","999.9","010000"
"03469099999","2023-04-25","52.8666667","0.15","3.0","HOLBEACH AUT, UK","  41.7","24","  33.5","24","9999.9"," 0","999.9"," 0","  6.7","24","  9.9","24"," 14.0","999.9","  51.6"," ","  33.4"," "," 0.00","G","999.9","000000"
"03469099999","2023-04-26","52.8666667","0.15","3.0","HOLBEACH AUT, UK","  44.6","24","  34.6","24","9999.9"," 0","999.9"," 0","  6.9","24","  6.9","24"," 14.0","999.9","  54.5"," ","  35.6","*"," 0.00","G","999.9","000000"
"03469099999","2023-04-27","52.8666667","0.15","3.0","HOLBEACH AUT, UK","  46.0","24","  39.0","24","9999.9"," 0","999.9"," 0","  6.3","24","  9.5","24"," 15.9","999.9","  56.1"," ","  34.3"," "," 0.00","G","999.9","010000"
"03469099999","2023-04-28","52.8666667","0.15","3.0","HOLBEACH AUT, UK","  48.8","24","  46.3","24","9999.9"," 0","999.9"," 0","  3.8","24","  8.7","24"," 15.0","999.9","  54.3"," ","  37.4","*"," 0.13","G","999.9","110000"
"03469099999","2023-04-29","52.8666667","0.15","3.0","HOLBEACH AUT, UK","  51.1","24","  45.3","24","9999.9"," 0","999.9"," 0","  4.8","24","  5.4","24","  9.9","999.9","  64.8"," ","  35.1"," "," 0.00","G","999.9","100000"
"03469099999","2023-04-30","52.8666667","0.15","3.0","HOLBEACH AUT, UK","  55.1","24","  47.3","24","9999.9"," 0","999.9"," 0","  5.5","24","  8.9","24"," 14.0","999.9","  64.6"," ","  46.2"," "," 0.00","G","999.9","010000"
"03469099999","2023-05-01","52.8666667","0.15","3.0","HOLBEACH AUT, UK","  54.0","24","  49.4","24","9999.9"," 0","999.9"," 0","  5.1","24","  8.7","24"," 15.0","999.9","  62.8"," ","  48.2","*"," 0.19","G","999.9","010000"
"03469099999","2023-05-02","52.8666667","0.15","3.0","HOLBEACH AUT, UK","  49.7","24","  41.1","24","9999.9"," 0","999.9"," 0","  8.3","24"," 10.5","24"," 13.0","999.9","  55.8"," ","  40.5","*"," 0.00","G","999.9","000000"
"03469099999","2023-05-03","52.8666667","0.15","3.0","HOLBEACH AUT, UK","  47.7","24","  40.3","24","9999.9"," 0","999.9"," 0","  6.7","24"," 11.5","24"," 22.0","999.9","  55.9"," ","  37.2"," "," 0.00","G","999.9","000000"
"03469099999","2023-05-04","52.8666667","0.15","3.0","HOLBEACH AUT, UK","  51.6","24","  47.1","24","9999.9"," 0","999.9"," 0","  6.1","24"," 15.8","24"," 25.1","999.9","  60.8","*","  44.1"," "," 0.00","G","999.9","010000"
"03469099999","2023-05-05","52.8666667","0.15","3.0","HOLBEACH AUT, UK","  56.8","24","  52.1","24","9999.9"," 0","999.9"," 0","  5.9","24","  8.0","24"," 14.0","999.9","  64.4","*","  48.6"," "," 0.02","G","999.9","010000"
"03469099999","2023-05-06","52.8666667","0.15","3.0","HOLBEACH AUT, UK","  55.6","24","  52.6","24","9999.9"," 0","999.9"," 0","  5.9","24","  6.9","24"," 11.1","999.9","  63.0"," ","  46.9"," "," 0.05","G","999.9","010000"
"03469099999","2023-05-07","52.8666667","0.15","3.0","HOLBEACH AUT, UK","  59.8","24","  55.3","24","9999.9"," 0","999.9"," 0","  5.0","24","  4.7","24","  8.0","999.9","  68.4"," ","  50.0","*"," 0.13","G","999.9","010000"
"03469099999","2023-05-08","52.8666667","0.15","3.0","HOLBEACH AUT, UK","  56.4","24","  52.4","24","9999.9"," 0","999.9"," 0","  6.3","24"," 11.0","24"," 18.1","999.9","  65.7"," ","  49.1"," "," 0.00","G","999.9","010000"
"03469099999","2023-05-09","52.8666667","0.15","3.0","HOLBEACH AUT, UK","  57.5","24","  54.1","24","9999.9"," 0","999.9"," 0","  5.2","24","  7.1","24"," 15.9","999.9","  67.3"," ","  51.8","*"," 0.35","G","999.9","010000"
"03469099999","2023-05-10","52.8666667","0.15","3.0","HOLBEACH AUT, UK","  56.2","24","  49.8","24","9999.9"," 0","999.9"," 0","  6.3","24","  7.4","24"," 15.9","999.9","  66.9"," ","  46.4","*"," 1.29","G","999.9","010000"
"03469099999","2023-05-11","52.8666667","0.15","3.0","HOLBEACH AUT, UK","  55.5","24","  51.1","24","9999.9"," 0","999.9"," 0","  6.8","24","  8.6","24"," 15.0","999.9","  63.7"," ","  50.0","*"," 0.01","G","999.9","000000"
"03469099999","2023-05-12","52.8666667","0.15","3.0","HOLBEACH AUT, UK","  50.7","24","  48.2","24","9999.9"," 0","999.9"," 0","  6.6","24"," 18.5","24"," 22.9","999.9","  55.8"," ","  47.8"," "," 0.00","G","999.9","010000"
"03469099999","2023-05-13","52.8666667","0.15","3.0","HOLBEACH AUT, UK","  49.6","24","  46.9","24","9999.9"," 0","999.9"," 0","  6.7","24"," 12.2","24"," 20.0","999.9","  52.7"," ","  48.0"," "," 0.01","G","999.9","010000"
"03469099999","2023-05-14","52.8666667","0.15","3.0","HOLBEACH AUT, UK","  54.2","24","  50.2","24","9999.9"," 0","999.9"," 0","  5.1","24","  5.2","24"," 12.0","999.9","  66.4"," ","  45.7"," "," 0.00","G","999.9","110000"
"03469099999","2023-05-15","52.8666667","0.15","3.0","HOLBEACH AUT, UK","  50.9","24","  44.0","24","9999.9"," 0","999.9"," 0","  6.8","24"," 11.9","24"," 17.1","999.9","  63.9"," ","  44.2"," "," 0.01","G","999.9","010000"
"03469099999","2023-05-16","52.8666667","0.15","3.0","HOLBEACH AUT, UK","  50.9","24","  44.3","24","9999.9"," 0","999.9"," 0","  6.9","24","  7.3","24"," 13.0","999.9","  61.3"," ","  40.5"," "," 0.10","G","999.9","010000"
"03469099999","2023-05-17","52.8666667","0.15","3.0","HOLBEACH AUT, UK","  53.2","24","  46.4","24","9999.9"," 0","999.9"," 0","  6.7","24","  6.5","24"," 14.0","999.9","  61.3"," ","  42.8"," "," 0.00","G","999.9","000000"
"03469099999","2023-05-18","52.8666667","0.15","3.0","HOLBEACH AUT, UK","  55.4","23","  48.0","23","9999.9"," 0","999.9"," 0","  6.9","23","  6.4","23"," 11.1","999.9","  66.7"," ","  47.1"," "," 0.00","G","999.9","010000"
"03469099999","2023-05-19","52.8666667","0.15","3.0","HOLBEACH AUT, UK","  51.9","24","  46.9","24","9999.9"," 0","999.9"," 0","  6.9","24","  7.3","24"," 14.0","999.9","  60.3"," ","  47.8"," "," 0.00","G","999.9","010000"
"03469099999","2023-05-20","52.8666667","0.15","3.0","HOLBEACH AUT, UK","  53.4","24","  47.5","24","9999.9"," 0","999.9"," 0","  6.0","24"," 12.1","24"," 18.1","999.9","  61.0"," ","  44.6","*"," 0.01","G","999.9","000000"
"03469099999","2023-05-21","52.8666667","0.15","3.0","HOLBEACH AUT, UK","  55.1","24","  47.6","24","9999.9"," 0","999.9"," 0","  5.7","24"," 13.5","24"," 20.0","999.9","  64.4","*","  44.6","*"," 0.01","G","999.9","000000"
"03469099999","2023-05-22","52.8666667","0.15","3.0","HOLBEACH AUT, UK","  56.4","24","  46.4","24","9999.9"," 0","999.9"," 0","  6.7","24"," 13.9","24"," 19.0","999.9","  66.4"," ","  50.0","*"," 0.00","G","999.9","000000"
"03469099999","2023-05-23","52.8666667","0.15","3.0","HOLBEACH AUT, UK","  55.1","24","  46.9","24","9999.9"," 0","999.9"," 0","  6.6","24","  7.5","24"," 12.0","999.9","  62.6","*","  44.6","*"," 0.00","G","999.9","000000"
"03469099999","2023-05-24","52.8666667","0.15","3.0","HOLBEACH AUT, UK","  55.4","24","  48.7","24","9999.9"," 0","999.9"," 0","  7.4","24","  9.0","24"," 14.0","999.9","  63.3"," ","  46.4","*"," 0.00","G","999.9","000000"
"03469099999","2023-05-25","52.8666667","0.15","3.0","HOLBEACH AUT, UK","  55.2","24","  48.4","24","9999.9"," 0","999.9"," 0","  7.1","24"," 11.2","24"," 17.1","999.9","  61.5"," ","  46.4","*"," 0.00","G","999.9","000000"
"03469099999","2023-05-26","52.8666667","0.15","3.0","HOLBEACH AUT, UK","  54.3","24","  47.1","24","9999.9"," 0","999.9"," 0","  6.4","24","  9.4","24"," 17.1","999.9","  63.5"," ","  43.3"," "," 0.00","G","999.9","000000"
"03469099999","2023-05-27","52.8666667","0.15","3.0","HOLBEACH AUT, UK","  52.8","24","  46.8","24","9999.9"," 0","999.9"," 0","  5.9","24","  6.0","24"," 11.1","999.9","  61.7"," ","  38.8"," "," 0.00","G","999.9","100000"
"03469099999","2023-05-28","52.8666667","0.15","3.0","HOLBEACH AUT, UK","  54.8","24","  47.9","24","9999.9"," 0","999.9"," 0","  6.4","24"," 11.3","24"," 20.0","999.9","  62.6"," ","  46.4"," "," 0.00","G","999.9","000000"
"03469099999","2023-05-29","52.8666667","0.15","3.0","HOLBEACH AUT, UK","  54.4","24","  42.8","24","9999.9"," 0","999.9"," 0","  6.9","24"," 14.7","24"," 18.1","999.9","  59.0"," ","  50.0","*"," 0.00","G","999.9","000000"
"03469099999","2023-05-30","52.8666667","0.15","3.0","HOLBEACH AUT, UK","  53.4","24","  46.8","24","9999.9"," 0","999.9"," 0","  6.7","24"," 14.8","24"," 18.1","999.9","  59.2"," ","  50.0","*"," 0.00","G","999.9","010000"
"03469099999","2023-05-31","52.8666667","0.15","3.0","HOLBEACH AUT, UK","  52.6","24","  48.1","24","9999.9"," 0","999.9"," 0","  6.3","24"," 13.9","24"," 15.9","999.9","  55.4","*","  50.0","*"," 0.01","G","999.9","010000"
"03469099999","2023-06-01","52.8666667","0.15","3.0","HOLBEACH AUT, UK","  53.4","24","  46.4","24","9999.9"," 0","999.9"," 0"," 10.0","24"," 13.8","24"," 17.1","999.9","  58.3"," ","  50.0","*"," 0.00","G","999.9","000000"
"03469099999","2023-06-02","52.8666667","0.15","3.0","HOLBEACH AUT, UK","  53.3","24","  44.0","24","9999.9"," 0","999.9"," 0","  7.0","24"," 14.4","24"," 18.1","999.9","  59.5"," ","  48.2","*"," 0.00","G","999.9","000000"
"03469099999","2023-06-03","52.8666667","0.15","3.0","HOLBEACH AUT, UK","  54.6","24","  48.6","24","9999.9"," 0","999.9"," 0","  6.2"," 7"," 13.1","24"," 17.1","999.9","  61.7"," ","  46.4","*"," 0.00","G","999.9","000000"
"03469099999","2023-06-04","52.8666667","0.15","3.0","HOLBEACH AUT, UK","  53.8","24","  46.3","24","9999.9"," 0","999.9"," 0","999.9"," 0"," 11.8","24"," 15.0","999.9","  59.2"," ","  47.3"," "," 0.00","G","999.9","000000"
"03469099999","2023-06-05","52.8666667","0.15","3.0","HOLBEACH AUT, UK","  53.8","24","  46.0","24","9999.9"," 0","999.9"," 0","  6.2"," 6"," 12.0","24"," 17.1","999.9","  57.2","*","  51.8"," "," 0.00","G","999.9","000000"
"03469099999","2023-06-06","52.8666667","0.15","3.0","HOLBEACH AUT, UK","  53.3","24","  46.7","24","9999.9"," 0","999.9"," 0","  6.2"," 8"," 12.4","24"," 15.9","999.9","  58.6"," ","  51.3"," "," 0.00","G","999.9","010000"
"03469099999","2023-06-07","52.8666667","0.15","3.0","HOLBEACH AUT, UK","  54.0","24","  45.9","24","9999.9"," 0","999.9"," 0","  6.2"," 6"," 12.0","24"," 15.9","999.9","  59.0","*","  51.3"," "," 0.00","G","999.9","000000"
"03469099999","2023-06-08","52.8666667","0.15","3.0","HOLBEACH AUT, UK","  54.4","24","  47.0","24","9999.9"," 0","999.9"," 0","  6.2"," 6"," 14.4","24"," 19.0","999.9","  59.9"," ","  51.1"," "," 0.00","G","999.9","000000"
"03469099999","2023-06-09","52.8666667","0.15","3.0","HOLBEACH AUT, UK","  56.5","24","  50.8","24","9999.9"," 0","999.9"," 0","999.9"," 0"," 17.2","24"," 21.0","999.9","  61.2"," ","  52.7"," "," 0.00","G","999.9","000000"
"03469099999","2023-06-10","52.8666667","0.15","3.0","HOLBEACH AUT, UK","  63.2","24","  57.1","24","9999.9"," 0","999.9"," 0","999.9"," 0"," 11.6","24"," 15.0","999.9","  74.8"," ","  53.6"," "," 0.00","G","999.9","000000"
"03469099999","2023-06-11","52.8666667","0.15","3.0","HOLBEACH AUT, UK","  64.6","24","  58.6","24","9999.9"," 0","999.9"," 0","999.9"," 0"," 10.1","24"," 18.1","999.9","  81.1"," ","  56.8"," "," 0.00","G","999.9","000000"
"03469099999","2023-06-12","52.8666667","0.15","3.0","HOLBEACH AUT, UK","  66.4","24","  58.7","24","9999.9"," 0","999.9"," 0","  6.2"," 7","  9.0","24"," 15.9","999.9","  83.1"," ","  57.2"," "," 0.00","G","999.9","000000"
"03469099999","2023-06-13","52.8666667","0.15","3.0","HOLBEACH AUT, UK","  61.3","23","  54.9","23","9999.9"," 0","999.9"," 0","  6.9","15"," 13.7","23"," 21.0","999.9","  74.7"," ","  51.8","*"," 0.00","G","999.9","000000"
"03469099999","2023-06-14","52.8666667","0.15","3.0","HOLBEACH AUT, UK","  61.3","24","  55.4","24","9999.9"," 0","999.9"," 0","  7.1","24"," 14.3","24"," 20.0","999.9","  68.0","*","  51.8"," "," 0.00","G","999.9","000000"
"03469099999","2023-06-15","52.8666667","0.15","3.0","HOLBEACH AUT, UK","  62.3","24","  56.0","24","9999.9"," 0","999.9"," 0","  8.2","24"," 11.6","24"," 18.1","999.9","  68.4"," ","  54.9"," "," 0.00","G","999.9","000000"
"03469099999","2023-06-16","52.8666667","0.15","3.0","HOLBEACH AUT, UK","  62.7","24","  51.6","24","9999.9"," 0","999.9"," 0","  6.5","24","  9.4","24"," 15.0","999.9","  72.0"," ","  51.4"," "," 0.00","G","999.9","010000"
"03469099999","2023-06-17","52.8666667","0.15","3.0","HOLBEACH AUT, UK","  60.9","24","  52.1","24","9999.9"," 0","999.9"," 0","  7.1","24","  8.4","24"," 15.0","999.9","  68.7"," ","  45.9"," "," 0.00","G","999.9","010000"
"03469099999","2023-06-18","52.8666667","0.15","3.0","HOLBEACH AUT, UK","  64.0","24","  59.3","24","9999.9"," 0","999.9"," 0","  6.5","24","  7.2","24"," 14.0","999.9","  72.5"," ","  56.5"," "," 0.00","G","999.9","010000"
"03469099999","2023-06-19","52.8666667","0.15","3.0","HOLBEACH AUT, UK","  67.4","24","  59.4","24","9999.9"," 0","999.9"," 0","  4.3","16","  9.0","24"," 15.0","999.9","  77.0","*","  57.2","*"," 0.99","G","999.9","010000"
"03469099999","2023-06-20","52.8666667","0.15","3.0","HOLBEACH AUT, UK","  65.6","24","  60.3","24","9999.9"," 0","999.9"," 0","  6.1"," 8","  8.8","24"," 15.0"," 20.0","  75.7"," ","  57.2","*"," 0.00","G","999.9","010000"
"03469099999","2023-06-21","52.8666667","0.15","3.0","HOLBEACH AUT, UK","  66.4","24","  57.4","24","9999.9"," 0","999.9"," 0","  6.2"," 7","  7.1","24"," 13.0","999.9","  77.5"," ","  53.6","*"," 0.06","G","999.9","000000"
"03469099999","2023-06-22","52.8666667","0.15","3.0","HOLBEACH AUT, UK","  65.5","23","  58.8","23","9999.9"," 0","999.9"," 0","  6.2"," 8","  8.5","23"," 17.1","999.9","  74.8"," ","  56.1"," "," 0.00","G","999.9","000000"
"03469099999","2023-06-23","52.8666667","0.15","3.0","HOLBEACH AUT, UK","  66.9","24","  58.7","24","9999.9"," 0","999.9"," 0","999.9"," 0","  7.0","24"," 12.0","999.9","  78.3"," ","  55.4"," "," 0.00","G","999.9","000000"
"03469099999","2023-06-24","52.8666667","0.15","3.0","HOLBEACH AUT, UK","  70.6","24","  62.0","24","9999.9"," 0","999.9"," 0","999.9"," 0","  6.6","24","  9.9","999.9","  81.3"," ","  59.0","*"," 0.00","G","999.9","000000"
"03469099999","2023-06-25","52.8666667","0.15","3.0","HOLBEACH AUT, UK","  73.5","24","  60.0","24","9999.9"," 0","999.9"," 0","999.9"," 0"," 10.5","24"," 19.0"," 21.0","  86.9"," ","  60.1"," "," 0.00","G","999.9","000000"
"03469099999","2023-06-26","52.8666667","0.15","3.0","HOLBEACH AUT, UK","  63.2","24","  50.2","24","9999.9"," 0","999.9"," 0","999.9"," 0","  9.8","24"," 15.9","999.9","  81.3"," ","  53.1"," "," 0.00","G","999.9","000000"
"03469099999","2023-06-27","52.8666667","0.15","3.0","HOLBEACH AUT, UK","  61.5","24","  54.7","24","9999.9"," 0","999.9"," 0","  6.2"," 7","  8.2","24"," 12.0","999.9","  68.4"," ","  50.0"," "," 0.00","G","999.9","000000"
"03469099999","2023-06-28","52.8666667","0.15","3.0","HOLBEACH AUT, UK","  67.6","24","  62.5","24","9999.9"," 0","999.9"," 0","  6.1","16","  7.9","24"," 12.0","999.9","  74.7"," ","  62.6","*"," 0.00","G","999.9","010000"
"03469099999","2023-06-29","52.8666667","0.15","3.0","HOLBEACH AUT, UK","  62.0","24","  52.4","24","9999.9"," 0","999.9"," 0","  8.1","24","  8.6","24"," 13.0","999.9","  70.5"," ","  50.0","*"," 0.24","G","999.9","010000"
"03469099999","2023-06-30","52.8666667","0.15","3.0","HOLBEACH AUT, UK","  58.0","24","  53.1","24","9999.9"," 0","999.9"," 0","  6.2","24","  9.9","24"," 18.1"," 26.0","  67.8"," ","  45.0"," "," 0.08","G","999.9","010000"
"03469099999","2023-07-01","52.8666667","0.15","3.0","HOLBEACH AUT, UK","  64.3","18","  55.1","18","9999.9"," 0","999.9"," 0"," 11.4","18"," 10.3","10"," 14.0","999.9","  69.1"," ","  60.8","*"," 0.02","G","999.9","100000"
"03469099999","2023-07-03","52.8666667","0.15","3.0","HOLBEACH AUT, UK","  58.0","24","  48.3","24","1008.5","10","008.1","10"," 11.3","24"," 15.5","11"," 25.1"," 39.0","  67.6"," ","  48.6"," "," 0.04","E","999.9","010000"
"03469099999","2023-07-04","52.8666667","0.15","3.0","HOLBEACH AUT, UK","  56.6","24","  49.5","24","1009.3","11","008.9","11"," 15.9","21","  7.7","11"," 19.0","999.9","  66.4"," ","  48.9"," "," 0.00","H","999.9","010000"
"03469099999","2023-07-05","52.8666667","0.15","3.0","HOLBEACH AUT, UK","  58.8","24","  49.6","24","1009.6"," 9","009.2"," 9"," 17.7","24","  8.5","19"," 15.0","999.9","  67.3"," ","  51.8","*"," 0.02","G","999.9","010000"
"03469099999","2023-07-06","52.8666667","0.15","3.0","HOLBEACH AUT, UK","  60.9","24","  49.3","24","1013.7"," 4","013.3"," 4","  9.4","24"," 10.2","24"," 15.0","999.9","  72.0"," ","  49.3"," "," 0.05","G","999.9","000000"
"03469099999","2023-07-07","52.8666667","0.15","3.0","HOLBEACH AUT, UK","  66.3","24","  53.7","24","9999.9"," 0","999.9"," 0","  6.2","24","  9.1","24"," 14.0","999.9","  80.6","*","  51.8"," "," 0.00","G","999.9","010000"
"03469099999","2023-07-08","52.8666667","0.15","3.0","HOLBEACH AUT, UK","  69.5","24","  60.0","24","9999.9"," 0","999.9"," 0","  6.4","24","  8.6","24"," 14.0","999.9","  80.2"," ","  60.8","*"," 0.00","G","999.9","010000"
"03469099999","2023-07-09","52.8666667","0.15","3.0","HOLBEACH AUT, UK","  65.9","24","  57.6","24","9999.9"," 0","999.9"," 0","  6.7","24","  5.9","24"," 12.0"," 22.0","  77.0","*","  57.2","*"," 0.02","G","999.9","010000"
"03469099999","2023-07-10","52.8666667","0.15","3.0","HOLBEACH AUT, UK","  65.1","24","  54.3","24","9999.9"," 0","999.9"," 0","  6.9","24"," 11.0","24"," 21.0"," 28.0","  76.3"," ","  53.6","*"," 0.00","G","999.9","110000"
"03469099999","2023-07-11","52.8666667","0.15","3.0","HOLBEACH AUT, UK","  63.7","24","  58.6","24","9999.9"," 0","999.9"," 0","  5.6","24"," 11.7","24"," 19.0"," 26.0","  70.0"," ","  55.4","*"," 0.19","G","999.9","010000"
"03469099999","2023-07-12","52.8666667","0.15","3.0","HOLBEACH AUT, UK","  61.6","24","  54.8","24","9999.9"," 0","999.9"," 0","  6.6","24"," 10.0","24"," 17.1"," 25.1","  72.0"," ","  52.9"," "," 0.39","G","999.9","010000"
"03469099999","2023-07-13","52.8666667","0.15","3.0","HOLBEACH AUT, UK","  61.9","24","  54.1","24","9999.9"," 0","999.9"," 0","  7.5","24","  8.6","24"," 13.0","999.9","  71.6"," ","  51.4"," "," 0.02","G","999.9","010000"
"03469099999","2023-07-14","52.8666667","0.15","3.0","HOLBEACH AUT, UK","  58.9","24","  56.8","24","9999.9"," 0","999.9"," 0","  5.9","24","  9.7","24"," 19.0"," 26.0","  66.6"," ","  50.0","*"," 0.00","G","999.9","010000"
"03469099999","2023-07-15","52.8666667","0.15","3.0","HOLBEACH AUT, UK","  62.7","24","  56.6","24","9999.9"," 0","999.9"," 0","  7.1","24"," 17.8","24"," 29.9"," 42.9","  70.5"," ","  55.4","*"," 0.54","G","999.9","010000"
"03469099999","2023-07-16","52.8666667","0.15","3.0","HOLBEACH AUT, UK","  61.1","24","  54.7","24","9999.9"," 0","999.9"," 0","  6.5","24"," 15.5","24"," 22.0"," 33.0","  71.6","*","  53.6","*"," 0.40","G","999.9","010000"
"03469099999","2023-07-17","52.8666667","0.15","3.0","HOLBEACH AUT, UK","  60.2","24","  52.9","24","9999.9"," 0","999.9"," 0","  6.7","24","  9.5","24"," 17.1","999.9","  71.1"," ","  51.1"," "," 0.22","G","999.9","010000"
"03469099999","2023-07-18","52.8666667","0.15","3.0","HOLBEACH AUT, UK","  58.7","24","  53.5","24","9999.9"," 0","999.9"," 0","  7.1","24","  5.2","24","  9.9","999.9","  68.7"," ","  48.7"," "," 0.04","G","999.9","010000"
"03469099999","2023-07-19","52.8666667","0.15","3.0","HOLBEACH AUT, UK","  60.0","24","  57.2","24","9999.9"," 0","999.9"," 0","  6.2","24","  5.8","24"," 14.0","999.9","  66.2","*","  53.6","*"," 0.08","G","999.9","010000"
"03469099999","2023-07-20","52.8666667","0.15","3.0","HOLBEACH AUT, UK","  59.3","24","  51.6","24","9999.9"," 0","999.9"," 0","  5.9","24","  4.9","24","  8.9","999.9","  70.0"," ","  47.7"," "," 0.25","G","999.9","110000"
"03469099999","2023-07-21","52.8666667","0.15","3.0","HOLBEACH AUT, UK","  57.0","24","  51.2","24","9999.9"," 0","999.9"," 0","  6.3","24","  7.5","24"," 12.0","999.9","  65.8"," ","  47.7"," "," 0.01","G","999.9","010000"
"03469099999","2023-07-22","52.8666667","0.15","3.0","HOLBEACH AUT, UK","  58.3","24","  56.4","24","9999.9"," 0","999.9"," 0","  5.5","24"," 11.8","24"," 18.1","999.9","  64.6"," ","  54.0"," "," 0.01","G","999.9","010000"
"03469099999","2023-07-23","52.8666667","0.15","3.0","HOLBEACH AUT, UK","  64.7","24","  60.4","24","9999.9"," 0","999.9"," 0","  5.5","24"," 12.2","24"," 18.1"," 26.0","  76.1"," ","  59.0","*"," 0.50","G","999.9","010000"
"03469099999","2023-07-24","52.8666667","0.15","3.0","HOLBEACH AUT, UK","  58.5","24","  53.0","24","9999.9"," 0","999.9"," 0","  6.3","24"," 13.2","24"," 21.0"," 32.1","  67.1"," ","  53.4"," "," 0.09","G","999.9","010000"
"03469099999","2023-07-25","52.8666667","0.15","3.0","HOLBEACH AUT, UK","  58.0","24","  49.9","24","9999.9"," 0","999.9"," 0","  6.7","24","  6.3","24"," 12.0","999.9","  66.7"," ","  51.3","*"," 0.02","G","999.9","010000"
"03469099999","2023-07-26","52.8666667","0.15","3.0","HOLBEACH AUT, UK","  60.0","24","  51.2","24","9999.9"," 0","999.9"," 0","  5.9","24","  8.2","24"," 13.0","999.9","  73.6"," ","  46.4","*"," 0.04","G","999.9","010000"
"03469099999","2023-07-27","52.8666667","0.15","3.0","HOLBEACH AUT, UK","  65.5","24","  61.0","24","9999.9"," 0","999.9"," 0","  5.8","24","  8.9","24"," 13.0","999.9","  75.2","*","  57.7"," "," 0.56","G","999.9","010000"
"03469099999","2023-07-28","52.8666667","0.15","3.0","HOLBEACH AUT, UK","  66.0","24","  59.2","24","9999.9"," 0","999.9"," 0","  6.3","24","  7.3","24"," 14.0","999.9","  74.1"," ","  58.5"," "," 0.00","G","999.9","010000"
"03469099999","2023-07-29","52.8666667","0.15","3.0","HOLBEACH AUT, UK","  66.0","24","  54.4","24","9999.9"," 0","999.9"," 0","  6.2","24"," 12.4","24"," 18.1"," 25.1","  74.7"," ","  57.2","*"," 0.00","G","999.9","010000"
"03469099999","2023-07-30","52.8666667","0.15","3.0","HOLBEACH AUT, UK","  62.4","24","  53.9","24","9999.9"," 0","999.9"," 0","  6.2","24"," 13.5","24"," 19.0"," 28.9","  71.8"," ","  54.3"," "," 0.00","G","999.9","010000"
"03469099999","2023-07-31","52.8666667","0.15","3.0","HOLBEACH AUT, UK","  63.0","24","  59.0","24","9999.9"," 0","999.9"," 0","  6.3","24"," 12.0","24"," 15.9","999.9","  67.5"," ","  57.2","*"," 0.20","G","999.9","010000"
"03469099999","2023-08-01","52.8666667","0.15","3.0","HOLBEACH AUT, UK","  61.4","24","  54.1","24","9999.9"," 0","999.9"," 0","  7.1","24"," 10.0","24"," 15.9","999.9","  68.4"," ","  55.4","*"," 0.02","G","999.9","000000"
"03469099999","2023-08-02","52.8666667","0.15","3.0","HOLBEACH AUT, UK","  63.2","24","  58.1","24","9999.9"," 0","999.9"," 0","  4.8","24"," 12.6","24"," 21.0","999.9","  74.3"," ","  57.2","*"," 0.17","G","999.9","010000"
"03469099999","2023-08-03","52.8666667","0.15","3.0","HOLBEACH AUT, UK","  61.1","24","  54.6","24","9999.9"," 0","999.9"," 0","  6.3","24"," 11.9","24"," 17.1","999.9","  70.7"," ","  55.4","*"," 0.17","G","999.9","010000"
"03469099999","2023-08-04","52.8666667","0.15","3.0","HOLBEACH AUT, UK","  60.2","24","  56.8","24","9999.9"," 0","999.9"," 0","  5.2","24","  6.4","24","  9.9","999.9","  66.4"," ","  56.8"," "," 0.24","G","999.9","010000"
"03469099999","2023-08-05","52.8666667","0.15","3.0","HOLBEACH AUT, UK","  55.4","24","  53.6","24","9999.9"," 0","999.9"," 0","  5.1","24","  9.9","24"," 17.1","999.9","  60.8"," ","  53.1"," "," 0.22","G","999.9","010000"
"03469099999","2023-08-06","52.8666667","0.15","3.0","HOLBEACH AUT, UK","  56.9","24","  50.2","24","9999.9"," 0","999.9"," 0","  6.7","24"," 12.2","24"," 17.1","999.9","  68.0"," ","  51.1"," "," 0.37","G","999.9","010000"
"03469099999","2023-08-07","52.8666667","0.15","3.0","HOLBEACH AUT, UK","  57.2","23","  49.2","23","9999.9"," 0","999.9"," 0","  6.8","23","  8.1","23"," 13.0","999.9","  69.4"," ","  45.5"," "," 0.00","G","999.9","000000"
"03469099999","2023-08-08","52.8666667","0.15","3.0","HOLBEACH AUT, UK","  58.2","24","  50.7","24","9999.9"," 0","999.9"," 0","  6.9","24","  9.0","24"," 15.0","999.9","  68.4"," ","  46.4","*"," 0.00","G","999.9","010000"
"03469099999","2023-08-09","52.8666667","0.15","3.0","HOLBEACH AUT, UK","  62.7","24","  52.5","24","9999.9"," 0","999.9"," 0","  7.6","24","  6.4","24"," 11.1","999.9","  75.6"," ","  47.5"," "," 0.00","G","999.9","010000"
"03469099999","2023-08-10","52.8666667","0.15","3.0","HOLBEACH AUT, UK","  69.6","24","  59.1","24","9999.9"," 0","999.9"," 0","  6.2","24","  7.0","24","  9.9","999.9","  81.7"," ","  56.1"," "," 0.00","G","999.9","010000"
"03469099999","2023-08-11","52.8666667","0.15","3.0","HOLBEACH AUT, UK","  69.7","24","  56.2","24","9999.9"," 0","999.9"," 0","  5.5","24"," 11.2","24"," 17.1","999.9","  79.7"," ","  62.1"," "," 0.00","G","999.9","010000"
"03469099999","2023-08-12","52.8666667","0.15","3.0","HOLBEACH AUT, UK","  64.5","24","  56.7","24","9999.9"," 0","999.9"," 0","  5.7","24"," 12.7","24"," 20.0"," 28.0","  74.3"," ","  54.9"," "," 0.00","G","999.9","010000"
"03469099999","2023-08-13","52.8666667","0.15","3.0","HOLBEACH AUT, UK","  64.8","24","  55.8","24","9999.9"," 0","999.9"," 0","  6.7","24"," 11.9","24"," 19.0"," 26.0","  74.3"," ","  59.0","*"," 0.01","G","999.9","010000"
"03469099999","2023-08-14","52.8666667","0.15","3.0","HOLBEACH AUT, UK","  64.4","24","  58.5","24","9999.9"," 0","999.9"," 0","  6.6","24"," 12.4","24"," 20.0"," 28.9","  73.6"," ","  57.2","*"," 0.13","G","999.9","010000"
"03469099999","2023-08-15","52.8666667","0.15","3.0","HOLBEACH AUT, UK","  63.1","24","  54.7","24","9999.9"," 0","999.9"," 0","  6.1","24","  7.5","24"," 11.1","999.9","  74.7"," ","  52.5"," "," 0.01","G","999.9","010000"
"03469099999","2023-08-16","52.8666667","0.15","3.0","HOLBEACH AUT, UK","  63.2","24","  57.6","24","9999.9"," 0","999.9"," 0","  5.7","24","  8.3","24"," 15.0","999.9","  71.6"," ","  53.4"," "," 0.00","G","999.9","010000"
"03469099999","2023-08-17","52.8666667","0.15","3.0","HOLBEACH AUT, UK","  63.2","24","  57.3","24","9999.9"," 0","999.9"," 0","  6.4","24"," 14.3","24"," 22.0","999.9","  68.9"," ","  59.0"," "," 0.00","G","999.9","000000"
"03469099999","2023-08-18","52.8666667","0.15","3.0","HOLBEACH AUT, UK","  65.1","24","  60.6","24","9999.9"," 0","999.9"," 0","  6.3","24"," 12.2","24"," 15.9","999.9","  68.9"," ","  60.1"," "," 0.00","G","999.9","010000"
"03469099999","2023-08-19","52.8666667","0.15","3.0","HOLBEACH AUT, UK","  69.3","24","  59.8","24","9999.9"," 0","999.9"," 0","  5.5","24"," 12.5","24"," 20.0","999.9","  78.8","*","  59.0","*"," 0.17","G","999.9","010000"
"03469099999","2023-08-20","52.8666667","0.15","3.0","HOLBEACH AUT, UK","  65.2","24","  55.2","24","9999.9"," 0","999.9"," 0","  6.3","24","  8.6","24"," 12.0","999.9","  78.6"," ","  53.6","*"," 0.00","G","999.9","010000"
"03469099999","2023-08-21","52.8666667","0.15","3.0","HOLBEACH AUT, UK","  65.5","24","  55.9","24","9999.9"," 0","999.9"," 0","  6.4","24"," 10.1","24"," 15.9"," 25.1","  78.1"," ","  50.7"," "," 0.00","G","999.9","000000"
"03469099999","2023-08-22","52.8666667","0.15","3.0","HOLBEACH AUT, UK","  67.6","24","  56.7","24","9999.9"," 0","999.9"," 0","  6.2","24"," 10.1","24"," 15.0","999.9","  79.2"," ","  57.2","*"," 0.00","G","999.9","000000"
"03469099999","2023-08-23","52.8666667","0.15","3.0","HOLBEACH AUT, UK","  65.0","24","  56.4","24","9999.9"," 0","999.9"," 0","  6.7","24","  6.0","24","  8.9","999.9","  77.0"," ","  51.1"," "," 0.00","G","999.9","000000"
"03469099999","2023-08-24","52.8666667","0.15","3.0","HOLBEACH AUT, UK","  66.4","24","  57.6","24","9999.9"," 0","999.9"," 0","  6.5","24","  7.4","24"," 13.0","999.9","  78.8","*","  59.0","*"," 0.00","G","999.9","010000"
"03469099999","2023-08-25","52.8666667","0.15","3.0","HOLBEACH AUT, UK","  60.1","24","  48.8","24","9999.9"," 0","999.9"," 0","  6.3","24","  6.5","24"," 11.1","999.9","  70.7"," ","  45.5"," "," 0.00","G","999.9","010000"
"03469099999","2023-08-26","52.8666667","0.15","3.0","HOLBEACH AUT, UK","  56.9","24","  52.4","24","9999.9"," 0","999.9"," 0","  6.0","24","  5.3","24"," 12.0","999.9","  67.3"," ","  48.2","*"," 0.00","G","999.9","010000"
"03469099999","2023-08-27","52.8666667","0.15","3.0","HOLBEACH AUT, UK","  58.4","24","  52.3","24","9999.9"," 0","999.9"," 0","  6.3","24","  8.5","24"," 17.1","999.9","  68.0","*","  47.7"," "," 0.28","G","999.9","010000"
"03469099999","2023-08-28","52.8666667","0.15","3.0","HOLBEACH AUT, UK","  60.4","24","  51.0","24","9999.9"," 0","999.9"," 0","  7.1","24","  6.5","24"," 12.0","999.9","  71.2"," ","  51.8","*"," 0.02","G","999.9","010000"
"03469099999","2023-08-29","52.8666667","0.15","3.0","HOLBEACH AUT, UK","  60.0","24","  53.6","24","9999.9"," 0","999.9"," 0","  6.9","24","  7.0","24"," 13.0","999.9","  69.8"," ","  51.8","*"," 0.00","G","999.9","010000"
"03469099999","2023-08-30","52.8666667","0.15","3.0","HOLBEACH AUT, UK","  56.4","24","  50.0","24","9999.9"," 0","999.9"," 0","  6.7","24","  7.0","24"," 13.0","999.9","  65.5"," ","  47.3"," "," 0.09","G","999.9","010000"
"03469099999","2023-08-31","52.8666667","0.15","3.0","HOLBEACH AUT, UK","  57.0","24","  50.1","24","9999.9"," 0","999.9"," 0","  7.0","24","  5.2","24","  8.9","999.9","  70.3"," ","  43.7"," "," 0.03","G","999.9","010000"
"03469099999","2023-09-01","52.8666667","0.15","3.0","HOLBEACH AUT, UK","  62.3","24","  58.7","24","9999.9"," 0","999.9"," 0","  6.2","24","  6.2","24"," 11.1","999.9","  70.7"," ","  57.0"," "," 0.02","G","999.9","010000"
"03469099999","2023-09-02","52.8666667","0.15","3.0","HOLBEACH AUT, UK","  63.9","21","  57.9","21","9999.9"," 0","999.9"," 0","  6.3","21"," 10.8","21"," 14.0","999.9","  68.5"," ","  59.0","*"," 0.00","G","999.9","000000"
