"STATION","DATE","LATITUDE","LONGITUDE","ELEVATION","NAME","TEMP","TEMP_ATTRIBUTES","DEWP","DEWP_ATTRIBUTES","SLP","SLP_ATTRIBUTES","STP","STP_ATTRIBUTES","VISIB","VISIB_ATTRIBUTES","WDSP","WDSP_ATTRIBUTES","MXSPD","GUST","MAX","MAX_ATTRIBUTES","MIN","MIN_ATTRIBUTES","PRCP","PRCP_ATTRIBUTES","SNDP","FRSHTT"
"03955099999","2023-01-01","51.841269","-8.491111","153.0","CORK, EI","  41.8","24","  39.4","24","9999.9"," 0","999.9"," 0","  6.3","24","  8.4","24"," 18.1"," 28.9","  46.4","*","  38.3","*","99.99"," ","  0.4","010000"
"03955099999","2023-01-02","51.841269","-8.491111","153.0","CORK, EI","  40.5","24","  35.0","24","9999.9"," 0","999.9"," 0","  6.5","24","  7.6","24"," 22.9"," 33.0","  46.8","*","  35.6","*","99.99"," ","999.9","010000"
"03955099999","2023-01-03","51.841269","-8.491111","153.0","CORK, EI","  51.2","24","  50.1","24","9999.9"," 0","999.9"," 0","  4.0","24"," 18.1","24"," 24.1"," 39.0","  53.6","*","  42.1"," ","99.99"," ","  0.4","010000"
"03955099999","2023-01-04","51.841269","-8.491111","153.0","CORK, EI","  50.5","24","  47.5","24","9999.9"," 0","999.9"," 0","  6.3","24"," 13.5","24"," 19.4"," 29.9","  53.6","*","  48.2","*","99.99"," ","999.9","010000"
"03955099999","2023-01-05","51.841269","-8.491111","153.0","CORK, EI","  48.7","24","  47.4","24","9999.9"," 0","999.9"," 0","  5.9","24"," 13.5","24"," 24.1"," 40.8","  51.8","*","  40.5","*","99.99"," ","999.9","110000"
"03955099999","2023-01-06","51.841269","-8.491111","153.0","CORK, EI","  46.1","24","  44.9","24","9999.9"," 0","999.9"," 0","  5.6","24"," 11.3","24"," 19.0"," 31.1","  50.0","*","  39.2","*","99.99"," ","999.9","110000"
"03955099999","2023-01-07","51.841269","-8.491111","153.0","CORK, EI","  44.2","24","  41.1","24","9999.9"," 0","999.9"," 0","  6.7","24"," 14.2","24"," 27.0"," 42.7","  46.4","*","  39.2","*","99.99"," ","  0.4","010000"
"03955099999","2023-01-08","51.841269","-8.491111","153.0","CORK, EI","  40.2","24","  37.4","24","9999.9"," 0","999.9"," 0","  6.2","24"," 11.4","24"," 18.1"," 28.9","  43.2","*","  35.6","*"," 0.04","A","999.9","010010"
"03955099999","2023-01-09","51.841269","-8.491111","153.0","CORK, EI","  41.1","24","  35.4","24","9999.9"," 0","999.9"," 0","  6.6","24"," 13.2","24"," 22.9"," 45.1","  44.6","*","  37.4","*","99.99"," ","999.9","010000"
"03955099999","2023-01-10","51.841269","-8.491111","153.0","CORK, EI","  48.6","24","  47.1","24","9999.9"," 0","999.9"," 0","  4.1","24"," 18.6","24"," 29.9"," 45.1","  53.6","*","  37.8"," ","99.99"," ","  0.4","010000"
"03955099999","2023-01-11","51.841269","-8.491111","153.0","CORK, EI","  45.8","24","  42.2","24","9999.9"," 0","999.9"," 0","  5.9","24"," 17.6","24"," 28.0"," 47.0","  52.0","*","  39.6"," ","99.99"," ","999.9","010000"
"03955099999","2023-01-12","51.841269","-8.491111","153.0","CORK, EI","  46.7","24","  41.5","24","9999.9"," 0","999.9"," 0","  6.0","24"," 18.9","24"," 32.1"," 53.0","  52.0","*","  41.0","*","99.99"," ","  0.8","010000"
"03955099999","2023-01-13","51.841269","-8.491111","153.0","CORK, EI","  44.6","24","  40.5","24","9999.9"," 0","999.9"," 0","  5.7","24"," 12.9","24"," 22.0"," 36.9","  50.0","*","  39.2","*","99.99"," ","999.9","010000"
"03955099999","2023-01-14","51.841269","-8.491111","153.0","CORK, EI","  41.9","24","  37.7","24","9999.9"," 0","999.9"," 0","  5.7","24"," 13.5","24"," 22.9"," 35.0","  50.0","*","  34.9","*"," 0.00","A","  0.8","010000"
"03955099999","2023-01-15","51.841269","-8.491111","153.0","CORK, EI","  38.9","24","  34.6","24","9999.9"," 0","999.9"," 0","  6.6","24","  9.8","24"," 19.4"," 24.1","  44.6","*","  34.7"," ","99.99"," ","999.9","010000"
"03955099999","2023-01-16","51.841269","-8.491111","153.0","CORK, EI","  35.0","24","  30.9","24","9999.9"," 0","999.9"," 0","  6.3","24","  7.4","24"," 13.6","999.9","  37.4","*","  32.0","*"," 0.00","B","999.9","011000"
"03955099999","2023-01-17","51.841269","-8.491111","153.0","CORK, EI","  31.9","24","  26.6","24","9999.9"," 0","999.9"," 0","  6.3","24","  9.1","24"," 14.0","999.9","  37.6","*","  27.9"," ","99.99"," ","999.9","011000"
"03955099999","2023-01-18","51.841269","-8.491111","153.0","CORK, EI","  35.4","24","  30.8","24","9999.9"," 0","999.9"," 0","  6.5","24"," 12.1","24"," 18.1","999.9","  41.0","*","  31.6"," ","99.99"," ","999.9","011000"
"03955099999","2023-01-19","51.841269","-8.491111","153.0","CORK, EI","  36.3","24","  33.0","24","9999.9"," 0","999.9"," 0","  6.2","24","  4.8","24","  7.8","999.9","  41.9","*","  32.0","*","99.99"," ","999.9","010000"
"03955099999","2023-01-20","51.841269","-8.491111","153.0","CORK, EI","  40.6","24","  39.7","24","9999.9"," 0","999.9"," 0","  3.4","24","  6.9","24"," 12.0","999.9","  46.4","*","  31.6"," ","99.99"," ","999.9","110000"
"03955099999","2023-01-21","51.841269","-8.491111","153.0","CORK, EI","  47.4","24","  46.8","24","9999.9"," 0","999.9"," 0","  0.8","24"," 11.0","24"," 17.1","999.9","  48.2","*","  44.4"," "," 0.08","A","999.9","110000"
"03955099999","2023-01-22","51.841269","-8.491111","153.0","CORK, EI","  48.2","24","  48.2","24","9999.9"," 0","999.9"," 0","  1.0","24","  8.8","24"," 13.6","999.9","  49.1","*","  47.3"," ","99.99"," ","999.9","110000"
"03955099999","2023-01-23","51.841269","-8.491111","153.0","CORK, EI","  44.6","24","  44.5","24","9999.9"," 0","999.9"," 0","  0.5","24","  2.6","24","  4.1","999.9","  48.2","*","  41.0","*"," 0.00","A","999.9","100000"
"03955099999","2023-01-24","51.841269","-8.491111","153.0","CORK, EI","  45.8","24","  45.6","24","9999.9"," 0","999.9"," 0","  1.1","24","  3.4","24","  7.8","999.9","  48.2","*","  42.8","*"," 0.00","H","999.9","110000"
"03955099999","2023-01-25","51.841269","-8.491111","153.0","CORK, EI","  45.9","24","  44.0","24","9999.9"," 0","999.9"," 0","  4.7","24","  7.8","24"," 15.9","999.9","  50.4","*","  39.2","*","99.99"," ","999.9","110000"
"03955099999","2023-01-26","51.841269","-8.491111","153.0","CORK, EI","  41.3","24","  34.6","24","9999.9"," 0","999.9"," 0","  6.6","24","  8.0","24"," 14.0","999.9","  44.6","*","  37.4","*"," 0.00","I","999.9","000000"
"03955099999","2023-01-27","51.841269","-8.491111","153.0","CORK, EI","  39.8","24","  31.8","24","9999.9"," 0","999.9"," 0","  6.6","24","  5.6","24","  8.0","999.9","  43.0","*","  35.6","*"," 0.00","A","999.9","000000"
"03955099999","2023-01-28","51.841269","-8.491111","153.0","CORK, EI","  42.6","24","  39.2","24","9999.9"," 0","999.9"," 0","  6.2","24","  4.5","24","  7.0","999.9","  48.6","*","  36.0"," ","99.99"," ","999.9","110000"
"03955099999","2023-01-29","51.841269","-8.491111","153.0","CORK, EI","  44.8","24","  42.2","24","9999.9"," 0","999.9"," 0","  4.1","24","  7.5","24"," 14.0","999.9","  51.8","*","  38.7"," ","99.99"," ","999.9","110000"
"03955099999","2023-01-30","51.841269","-8.491111","153.0","CORK, EI","  44.6","24","  38.5","24","9999.9"," 0","999.9"," 0","  6.3","24","  7.9","24"," 14.0","999.9","  48.2","*","  41.0","*","99.99"," ","999.9","010000"
"03955099999","2023-01-31","51.841269","-8.491111","153.0","CORK, EI","  46.0","24","  39.2","24","9999.9"," 0","999.9"," 0","  6.4","24"," 11.1","24"," 17.5"," 22.9","  49.1","*","  39.2","*"," 0.02","E","999.9","010000"
"03955099999","2023-02-01","51.841269","-8.491111","153.0","CORK, EI","  44.2","24","  38.7","24","9999.9"," 0","999.9"," 0","  6.5","24","  9.2","24"," 14.0","999.9","  50.0","*","  37.8"," ","99.99"," ","999.9","010000"
"03955099999","2023-02-02","51.841269","-8.491111","153.0","CORK, EI","  48.3","24","  45.9","24","9999.9"," 0","999.9"," 0","  6.9","24"," 11.6","24"," 15.5"," 24.1","  51.8","*","  40.3"," ","99.99"," ","999.9","010000"
"03955099999","2023-02-03","51.841269","-8.491111","153.0","CORK, EI","  47.3","24","  45.7","24","9999.9"," 0","999.9"," 0","  7.0","24"," 10.2","24"," 15.9","999.9","  50.0","*","  44.6"," "," 0.00","A","999.9","010000"
"03955099999","2023-02-04","51.841269","-8.491111","153.0","CORK, EI","  46.7","24","  42.7","24","9999.9"," 0","999.9"," 0","  7.1","24","  9.8","24"," 18.1","999.9","  52.2","*","  39.2","*","99.99"," ","999.9","010000"
"03955099999","2023-02-05","51.841269","-8.491111","153.0","CORK, EI","  41.5","24","  37.4","24","9999.9"," 0","999.9"," 0","  6.6","24","  6.8","24"," 12.0","999.9","  46.8","*","  33.6"," "," 0.00","I","999.9","100000"
"03955099999","2023-02-06","51.841269","-8.491111","153.0","CORK, EI","  45.9","24","  42.6","24","9999.9"," 0","999.9"," 0","  6.7","24","  8.2","24"," 13.0","999.9","  50.0","*","  42.8","*"," 0.00","I","999.9","000000"
"03955099999","2023-02-07","51.841269","-8.491111","153.0","CORK, EI","  43.5","24","  41.5","24","9999.9"," 0","999.9"," 0","  6.5","24","  3.9","24","  7.8","999.9","  48.2","*","  38.8"," "," 0.00","I","999.9","000000"
"03955099999","2023-02-08","51.841269","-8.491111","153.0","CORK, EI","  43.0","24","  40.5","24","9999.9"," 0","999.9"," 0","  6.4","24","  9.2","24"," 19.4"," 26.0","  46.8","*","  36.7"," ","99.99"," ","999.9","010000"
"03955099999","2023-02-09","51.841269","-8.491111","153.0","CORK, EI","  39.8","24","  33.8","24","9999.9"," 0","999.9"," 0","  6.3","24","  6.1","24"," 15.9","999.9","  46.4","*","  35.6","*","99.99"," ","999.9","010000"
"03955099999","2023-02-10","51.841269","-8.491111","153.0","CORK, EI","  45.3","24","  43.1","24","9999.9"," 0","999.9"," 0","  5.0","24","  6.5","24"," 13.0","999.9","  50.2","*","  34.7"," ","99.99"," ","999.9","110000"
"03955099999","2023-02-11","51.841269","-8.491111","153.0","CORK, EI","  46.4","24","  42.4","24","9999.9"," 0","999.9"," 0","  6.7","24","  5.6","24"," 11.1","999.9","  48.2","*","  44.2"," "," 0.00","B","999.9","010000"
"03955099999","2023-02-12","51.841269","-8.491111","153.0","CORK, EI","  46.5","24","  42.3","24","9999.9"," 0","999.9"," 0","  6.5","24"," 10.8","24"," 14.0","999.9","  48.2","*","  44.6","*","99.99"," ","999.9","010000"
"03955099999","2023-02-13","51.841269","-8.491111","153.0","CORK, EI","  46.8","24","  42.5","24","9999.9"," 0","999.9"," 0","  6.4","24"," 12.7","24"," 15.9"," 24.1","  49.1","*","  44.4"," ","99.99"," ","999.9","010000"
"03955099999","2023-02-14","51.841269","-8.491111","153.0","CORK, EI","  49.8","24","  47.4","24","9999.9"," 0","999.9"," 0","  5.5","24"," 14.2","24"," 17.5"," 24.1","  52.0"," ","  46.9"," "," 0.08","E","999.9","010000"
"03955099999","2023-02-15","51.841269","-8.491111","153.0","CORK, EI","  46.6","24","  43.7","24","9999.9"," 0","999.9"," 0","  5.3","24"," 12.0","24"," 17.5","999.9","  50.2","*","  41.0","*","99.99"," ","999.9","010000"
"03955099999","2023-02-16","51.841269","-8.491111","153.0","CORK, EI","  51.0","24","  49.5","24","9999.9"," 0","999.9"," 0","  5.9","24"," 10.1","24"," 18.1"," 33.0","  55.4","*","  44.6"," ","99.99"," ","999.9","010000"
"03955099999","2023-02-17","51.841269","-8.491111","153.0","CORK, EI","  52.2","24","  50.3","24","9999.9"," 0","999.9"," 0","  6.1","24"," 12.8","24"," 19.4"," 31.1","  55.4","*","  50.0","*","99.99"," ","999.9","010000"
"03955099999","2023-02-18","51.841269","-8.491111","153.0","CORK, EI","  50.8","24","  46.4","24","9999.9"," 0","999.9"," 0","  5.9","24"," 12.5","24"," 18.1"," 26.0","  53.6","*","  45.9","*","99.99"," ","999.9","010000"
"03955099999","2023-02-19","51.841269","-8.491111","153.0","CORK, EI","  46.9","24","  44.5","24","9999.9"," 0","999.9"," 0","  6.2","24","  8.7","24"," 15.0","999.9","  52.2","*","  39.9"," ","99.99"," ","999.9","010000"
"03955099999","2023-02-20","51.841269","-8.491111","153.0","CORK, EI","  49.2","24","  47.5","24","9999.9"," 0","999.9"," 0","  5.5","24"," 10.9","24"," 14.0","999.9","  54.0","*","  46.4","*","99.99"," ","999.9","010000"
"03955099999","2023-02-21","51.841269","-8.491111","153.0","CORK, EI","  46.7","24","  46.1","24","9999.9"," 0","999.9"," 0","  3.7","24"," 10.4","24"," 15.5","999.9","  48.6","*","  42.8","*","99.99"," ","999.9","110000"
"03955099999","2023-02-22","51.841269","-8.491111","153.0","CORK, EI","  39.7","24","  34.3","24","9999.9"," 0","999.9"," 0","  6.9","24"," 14.6","24"," 25.3"," 33.0","  44.6","*","  35.6","*","99.99"," ","999.9","010000"
"03955099999","2023-02-23","51.841269","-8.491111","153.0","CORK, EI","  40.8","24","  34.0","24","9999.9"," 0","999.9"," 0","  7.6","24"," 11.0","24"," 17.1","999.9","  48.2","*","  35.6"," "," 0.00","I","999.9","000000"
"03955099999","2023-02-24","51.841269","-8.491111","153.0","CORK, EI","  44.9","24","  40.1","24","9999.9"," 0","999.9"," 0","  7.6","24","  9.8","24"," 15.9","999.9","  48.6","*","  40.8"," ","99.99"," ","999.9","010000"
"03955099999","2023-02-25","51.841269","-8.491111","153.0","CORK, EI","  41.2","24","  34.0","24","9999.9"," 0","999.9"," 0","  7.0","24"," 11.1","24"," 15.0","999.9","  46.4","*","  35.6","*"," 0.00","I","999.9","000000"
"03955099999","2023-02-26","51.841269","-8.491111","153.0","CORK, EI","  41.7","24","  31.9","24","9999.9"," 0","999.9"," 0","  6.7","24"," 11.3","24"," 18.1","999.9","  44.6","*","  39.2","*","99.99"," ","999.9","010000"
"03955099999","2023-02-27","51.841269","-8.491111","153.0","CORK, EI","  41.8","24","  32.9","24","9999.9"," 0","999.9"," 0","  6.5","24","  9.1","24"," 15.9","999.9","  44.6","*","  38.7","*"," 0.00","H","999.9","010000"
"03955099999","2023-02-28","51.841269","-8.491111","153.0","CORK, EI","  42.5","24","  33.3","24","9999.9"," 0","999.9"," 0","  6.5","24","  9.3","24"," 12.0","999.9","  46.6","*","  39.6","*"," 0.00","I","999.9","000000"
"03955099999","2023-03-01","51.841269","-8.491111","153.0","CORK, EI","  42.0","24","  33.7","24","9999.9"," 0","999.9"," 0","  6.9","24","  9.3","24"," 15.5","999.9","  44.6","*","  39.2","*"," 0.00","H","999.9","010000"
"03955099999","2023-03-02","51.841269","-8.491111","153.0","CORK, EI","  42.0","23","  35.4","23","9999.9"," 0","999.9"," 0","  6.9","23","  7.7","23"," 11.1","999.9","  46.4","*","  38.1"," "," 0.00","I","999.9","000000"
"03955099999","2023-03-03","51.841269","-8.491111","153.0","CORK, EI","  41.9","18","  30.9","18","9999.9"," 0","999.9"," 0","  6.6","18","  5.6","18","  9.9","999.9","  43.2"," ","  39.2","*"," 0.00","E","999.9","000000"
"03955099999","2023-03-04","51.841269","-8.491111","153.0","CORK, EI","  40.0","24","  31.1","24","9999.9"," 0","999.9"," 0","  6.7","24","  5.7","24","  8.0","999.9","  41.2","*","  37.4","*"," 0.00","I","999.9","000000"
"03955099999","2023-03-05","51.841269","-8.491111","153.0","CORK, EI","  39.6","24","  29.7","24","9999.9"," 0","999.9"," 0","  6.7","24","  6.0","24","  9.7","999.9","  44.6","*","  35.6","*"," 0.00","I","999.9","000000"
"03955099999","2023-03-06","51.841269","-8.491111","153.0","CORK, EI","  42.7","24","  37.1","24","9999.9"," 0","999.9"," 0","  6.7","24","  9.4","24"," 14.0","999.9","  48.2","*","  38.8"," ","99.99"," ","999.9","010000"
"03955099999","2023-03-07","51.841269","-8.491111","153.0","CORK, EI","  37.2","24","  30.3","24","9999.9"," 0","999.9"," 0","  5.9","24","  9.9","24"," 21.0"," 24.1","  41.2","*","  33.8","*","99.99"," ","999.9","011000"
"03955099999","2023-03-08","51.841269","-8.491111","153.0","CORK, EI","  34.5","24","  32.5","24","9999.9"," 0","999.9"," 0","  3.7","24"," 14.8","24"," 19.4","999.9","  36.0","*","  32.0","*"," 0.16","E","999.9","011000"
"03955099999","2023-03-09","51.841269","-8.491111","153.0","CORK, EI","  40.5","24","  39.8","24","9999.9"," 0","999.9"," 0","  2.4","24"," 15.4","24"," 32.1"," 46.6","  50.0","*","  33.8","*","99.99"," ","  0.4","111000"
"03955099999","2023-03-10","51.841269","-8.491111","153.0","CORK, EI","  35.5","24","  31.9","24","9999.9"," 0","999.9"," 0","  6.4","24"," 11.7","24"," 25.3"," 46.6","  39.2","*","  32.0","*"," 0.12","E","999.9","010000"
"03955099999","2023-03-11","51.841269","-8.491111","153.0","CORK, EI","  46.2","24","  43.5","24","9999.9"," 0","999.9"," 0","  4.6","24"," 11.5","24"," 17.1","999.9","  57.2","*","  36.9"," "," 0.08","E","  0.4","110000"
"03955099999","2023-03-12","51.841269","-8.491111","153.0","CORK, EI","  48.7","24","  48.2","24","9999.9"," 0","999.9"," 0","  3.5","24"," 12.9","24"," 24.1"," 35.9","  51.8","*","  43.3"," ","99.99"," ","999.9","110000"
"03955099999","2023-03-13","51.841269","-8.491111","153.0","CORK, EI","  48.0","24","  45.6","24","9999.9"," 0","999.9"," 0","  4.4","24"," 18.9","24"," 28.0"," 42.7","  53.6","*","  38.7","*","99.99"," ","  0.4","010000"
"03955099999","2023-03-14","51.841269","-8.491111","153.0","CORK, EI","  40.7","24","  33.0","24","9999.9"," 0","999.9"," 0","  6.5","24"," 11.2","24"," 20.0"," 36.9","  48.2","*","  33.8","*","99.99"," ","999.9","010000"
"03955099999","2023-03-15","51.841269","-8.491111","153.0","CORK, EI","  45.8","24","  44.7","24","9999.9"," 0","999.9"," 0","  3.7","24"," 11.3","24"," 18.1"," 28.0","  50.0","*","  36.1"," ","99.99"," ","999.9","110000"
"03955099999","2023-03-16","51.841269","-8.491111","153.0","CORK, EI","  50.7","24","  50.0","24","9999.9"," 0","999.9"," 0","  2.8","24"," 14.9","24"," 20.0"," 28.9","  53.6","*","  49.1","*","99.99"," ","  0.4","110000"
"03955099999","2023-03-17","51.841269","-8.491111","153.0","CORK, EI","  50.1","24","  49.0","24","9999.9"," 0","999.9"," 0","  3.3","24"," 11.1","24"," 17.1"," 25.1","  51.8","*","  48.2","*","99.99"," ","999.9","110000"
"03955099999","2023-03-18","51.841269","-8.491111","153.0","CORK, EI","  46.9","24","  41.3","24","9999.9"," 0","999.9"," 0","  4.3","24"," 11.3","24"," 24.1"," 31.1","  50.9","*","  39.2","*","99.99"," ","999.9","110000"
"03955099999","2023-03-19","51.841269","-8.491111","153.0","CORK, EI","  43.5","24","  40.0","24","9999.9"," 0","999.9"," 0","  4.5","24","  7.6","24"," 15.9","999.9","  50.0","*","  34.9"," "," 0.00","H","999.9","110000"
"03955099999","2023-03-20","51.841269","-8.491111","153.0","CORK, EI","  50.2","24","  50.2","24","9999.9"," 0","999.9"," 0","  1.3","24"," 13.2","24"," 20.0"," 26.0","  51.8","*","  48.2","*","99.99"," ","999.9","110000"
"03955099999","2023-03-21","51.841269","-8.491111","153.0","CORK, EI","  49.0","24","  47.9","24","9999.9"," 0","999.9"," 0","  4.6","24"," 17.2","24"," 29.9"," 42.9","  51.8","*","  45.7"," ","99.99"," ","  0.4","010000"
"03955099999","2023-03-22","51.841269","-8.491111","153.0","CORK, EI","  45.3","24","  40.8","24","9999.9"," 0","999.9"," 0","  6.2","24"," 15.4","24"," 25.1"," 42.9","  50.0","*","  41.0"," ","99.99"," ","  0.4","010000"
"03955099999","2023-03-23","51.841269","-8.491111","153.0","CORK, EI","  46.3","24","  42.2","24","9999.9"," 0","999.9"," 0","  6.6","24"," 18.2","24"," 26.0"," 42.9","  52.2","*","  41.0","*","99.99"," ","999.9","010000"
"03955099999","2023-03-24","51.841269","-8.491111","153.0","CORK, EI","  46.5","24","  41.2","24","9999.9"," 0","999.9"," 0","  6.3","24"," 18.7","24"," 26.0"," 40.8","  51.8","*","  41.5"," "," 0.16","A","  0.4","010100"
"03955099999","2023-03-25","51.841269","-8.491111","153.0","CORK, EI","  46.7","24","  42.8","24","9999.9"," 0","999.9"," 0","  6.0","24"," 11.3","24"," 19.4","999.9","  53.6","*","  41.0","*","99.99"," ","999.9","010000"
"03955099999","2023-03-26","51.841269","-8.491111","153.0","CORK, EI","  46.8","24","  41.8","24","9999.9"," 0","999.9"," 0","  5.9","24"," 10.9","24"," 17.5","999.9","  53.6","*","  42.4"," ","99.99"," ","  0.4","010000"
"03955099999","2023-03-27","51.841269","-8.491111","153.0","CORK, EI","  46.4","24","  43.7","24","9999.9"," 0","999.9"," 0","  6.6","24"," 10.7","24"," 19.0"," 27.0","  50.0","*","  43.3"," ","99.99"," ","999.9","010000"
"03955099999","2023-03-28","51.841269","-8.491111","153.0","CORK, EI","  50.0","24","  48.6","24","9999.9"," 0","999.9"," 0","  3.7","24"," 13.8","24"," 19.4"," 46.6","  55.4","*","  44.2"," ","99.99"," ","  0.4","110000"
"03955099999","2023-03-29","51.841269","-8.491111","153.0","CORK, EI","  51.2","24","  49.9","24","9999.9"," 0","999.9"," 0","  3.0","24"," 14.4","24"," 23.3"," 36.9","  55.4","*","  47.3","*","99.99"," ","999.9","110000"
"03955099999","2023-03-30","51.841269","-8.491111","153.0","CORK, EI","  50.1","24","  48.7","24","9999.9"," 0","999.9"," 0","  3.6","24"," 14.7","24"," 21.4","999.9","  54.3","*","  47.1"," "," 0.04","A","  0.4","010000"
"03955099999","2023-03-31","51.841269","-8.491111","153.0","CORK, EI","  49.4","24","  45.1","24","9999.9"," 0","999.9"," 0","  5.3","24"," 13.6","24"," 23.3"," 35.0","  55.4","*","  44.6","*","99.99"," ","  0.4","010000"
"03955099999","2023-04-01","51.841269","-8.491111","153.0","CORK, EI","  47.4","24","  40.3","24","9999.9"," 0","999.9"," 0","  7.1","24"," 13.7","24"," 24.1"," 35.0","  53.6","*","  41.9","*"," 0.00","H","999.9","010000"
"03955099999","2023-04-02","51.841269","-8.491111","153.0","CORK, EI","  44.7","24","  39.6","24","9999.9"," 0","999.9"," 0","  7.0","24","  8.1","24"," 11.7","999.9","  51.8","*","  38.1"," "," 0.00","I","999.9","000000"
"03955099999","2023-04-03","51.841269","-8.491111","153.0","CORK, EI","  47.1","24","  42.7","24","9999.9"," 0","999.9"," 0","  6.5","24"," 13.3","24"," 18.1","999.9","  50.0","*","  41.4"," ","99.99"," ","999.9","010000"
"03955099999","2023-04-04","51.841269","-8.491111","153.0","CORK, EI","  47.4","24","  44.8","24","9999.9"," 0","999.9"," 0","  6.3","24"," 10.8","24"," 17.1","999.9","  51.8","*","  44.6","*","99.99"," ","999.9","010000"
"03955099999","2023-04-05","51.841269","-8.491111","153.0","CORK, EI","  51.6","24","  48.4","24","9999.9"," 0","999.9"," 0","  3.9","24","  9.3","24"," 15.0","999.9","  57.4","*","  46.4","*","99.99"," ","999.9","110000"
"03955099999","2023-04-06","51.841269","-8.491111","153.0","CORK, EI","  47.7","24","  39.5","24","9999.9"," 0","999.9"," 0","  8.4","24","  7.2","24"," 13.6","999.9","  55.4","*","  41.0","*","99.99"," ","999.9","011000"
"03955099999","2023-04-07","51.841269","-8.491111","153.0","CORK, EI","  45.6","24","  41.2","24","9999.9"," 0","999.9"," 0","  7.0","24"," 10.0","24"," 15.0","999.9","  51.8","*","  38.3"," "," 0.00","I","999.9","000000"
"03955099999","2023-04-08","51.841269","-8.491111","153.0","CORK, EI","  48.3","24","  45.0","24","9999.9"," 0","999.9"," 0","  6.5","24"," 14.1","24"," 18.1"," 27.0","  53.6","*","  44.4"," "," 0.00","I","999.9","000000"
"03955099999","2023-04-09","51.841269","-8.491111","153.0","CORK, EI","  49.3","24","  47.8","24","9999.9"," 0","999.9"," 0","  5.2","24"," 15.2","24"," 19.4"," 28.0","  52.2","*","  47.3","*","99.99"," ","999.9","010000"
"03955099999","2023-04-10","51.841269","-8.491111","153.0","CORK, EI","  46.3","24","  41.0","24","9999.9"," 0","999.9"," 0","  6.4","24"," 12.9","24"," 23.3"," 36.9","  51.8","*","  39.2","*","99.99"," ","999.9","010000"
"03955099999","2023-04-11","51.841269","-8.491111","153.0","CORK, EI","  42.9","24","  40.0","24","9999.9"," 0","999.9"," 0","  6.7","24"," 13.1","24"," 21.4"," 36.9","  48.2","*","  35.6","*","99.99"," ","999.9","010000"
"03955099999","2023-04-12","51.841269","-8.491111","153.0","CORK, EI","  42.1","24","  35.2","24","9999.9"," 0","999.9"," 0","  6.9","24"," 21.7","24"," 35.0"," 52.4","  49.1","*","  34.5"," "," 0.12","E","999.9","010000"
"03955099999","2023-04-13","51.841269","-8.491111","153.0","CORK, EI","  43.9","24","  36.6","24","9999.9"," 0","999.9"," 0","  6.5","24","  7.4","24"," 11.1","999.9","  51.8","*","  34.7"," ","99.99"," ","999.9","010000"
"03955099999","2023-04-14","51.841269","-8.491111","153.0","CORK, EI","  47.0","24","  37.9","24","9999.9"," 0","999.9"," 0","  6.5","24","  9.5","24"," 17.5","999.9","  55.4","*","  41.0"," ","99.99"," ","999.9","010000"
"03955099999","2023-04-15","51.841269","-8.491111","153.0","CORK, EI","  46.4","24","  42.0","24","9999.9"," 0","999.9"," 0","  5.5","24","  7.7","24"," 13.0","999.9","  50.0","*","  39.0"," ","99.99"," ","999.9","110000"
"03955099999","2023-04-16","51.841269","-8.491111","153.0","CORK, EI","  51.3","24","  51.1","24","9999.9"," 0","999.9"," 0","  0.8","24","  6.9","24","  9.7","999.9","  53.8","*","  46.2"," ","99.99"," ","999.9","110000"
"03955099999","2023-04-17","51.841269","-8.491111","153.0","CORK, EI","  50.1","24","  48.7","24","9999.9"," 0","999.9"," 0","  3.3","24","  9.2","24"," 13.0","999.9","  54.5","*","  48.2","*","99.99"," ","999.9","110000"
"03955099999","2023-04-18","51.841269","-8.491111","153.0","CORK, EI","  49.8","24","  46.5","24","9999.9"," 0","999.9"," 0","  4.5","24"," 10.5","24"," 17.5","999.9","  55.4","*","  46.4","*"," 0.00","I","999.9","100000"
"03955099999","2023-04-19","51.841269","-8.491111","153.0","CORK, EI","  48.6","24","  42.3","24","9999.9"," 0","999.9"," 0","  6.2","24"," 12.1","24"," 17.5","999.9","  53.6","*","  42.3"," ","99.99"," ","999.9","010000"
"03955099999","2023-04-20","51.841269","-8.491111","153.0","CORK, EI","  48.5","24","  39.9","24","9999.9"," 0","999.9"," 0","  6.4","24"," 15.4","24"," 22.9","999.9","  51.8","*","  43.5"," ","99.99"," ","999.9","010000"
"03955099999","2023-04-21","51.841269","-8.491111","153.0","CORK, EI","  45.8","24","  40.9","24","9999.9"," 0","999.9"," 0","  6.0","24"," 10.1","24"," 15.0","999.9","  50.2","*","  42.8"," ","99.99"," ","999.9","010000"
"03955099999","2023-04-22","51.841269","-8.491111","153.0","CORK, EI","  45.7","24","  41.4","24","9999.9"," 0","999.9"," 0","  5.7","24","  5.5","24","  8.9","999.9","  52.2","*","  39.2","*","99.99"," ","999.9","010000"
"03955099999","2023-04-23","51.841269","-8.491111","153.0","CORK, EI","  47.8","24","  40.7","24","9999.9"," 0","999.9"," 0","  6.2","24","  8.8","24"," 15.5","999.9","  55.8","*","  41.0","*"," 0.08","E","999.9","010000"
"03955099999","2023-04-24","51.841269","-8.491111","153.0","CORK, EI","  44.8","24","  38.2","24","9999.9"," 0","999.9"," 0","  6.7","24","  9.1","24"," 17.1","999.9","  48.2","*","  41.0","*","99.99"," ","999.9","010000"
"03955099999","2023-04-25","51.841269","-8.491111","153.0","CORK, EI","  44.0","24","  37.1","24","9999.9"," 0","999.9"," 0","  6.6","24"," 11.0","24"," 15.9","999.9","  50.0","*","  35.6","*","99.99"," ","999.9","010000"
"03955099999","2023-04-26","51.841269","-8.491111","153.0","CORK, EI","  46.6","24","  43.8","24","9999.9"," 0","999.9"," 0","  5.2","24","  9.9","24"," 12.0","999.9","  48.6","*","  42.8","*","99.99"," ","999.9","010000"
"03955099999","2023-04-27","51.841269","-8.491111","153.0","CORK, EI","  50.1","24","  48.9","24","9999.9"," 0","999.9"," 0","  3.6","24","  8.3","24"," 12.0","999.9","  53.6","*","  47.3"," ","99.99"," ","999.9","110000"
"03955099999","2023-04-28","51.841269","-8.491111","153.0","CORK, EI","  53.7","24","  51.0","24","9999.9"," 0","999.9"," 0","  5.0","24","  5.8","24"," 15.0","999.9","  60.8","*","  47.5"," ","99.99"," ","999.9","110000"
"03955099999","2023-04-29","51.841269","-8.491111","153.0","CORK, EI","  51.9","24","  51.6","24","9999.9"," 0","999.9"," 0","  1.8","24","  5.4","24"," 11.1","999.9","  53.6","*","  50.0","*","99.99"," ","999.9","110000"
"03955099999","2023-04-30","51.841269","-8.491111","153.0","CORK, EI","  56.0","24","  48.4","24","9999.9"," 0","999.9"," 0","  4.5","24","  8.4","24"," 14.0","999.9","  63.5","*","  50.0","*","99.99"," ","999.9","110000"
"03955099999","2023-05-01","51.841269","-8.491111","153.0","CORK, EI","  52.9","24","  46.2","24","9999.9"," 0","999.9"," 0","  6.6","24","  6.1","24"," 12.0","999.9","  59.4","*","  46.4","*"," 0.00","H","999.9","010000"
"03955099999","2023-05-02","51.841269","-8.491111","153.0","CORK, EI","  50.5","24","  47.6","24","9999.9"," 0","999.9"," 0","  6.8","24","  8.0","24"," 14.0","999.9","  56.3","*","  44.6","*"," 0.00","I","999.9","000000"
"03955099999","2023-05-03","51.841269","-8.491111","153.0","CORK, EI","  53.0","24","  49.0","24","9999.9"," 0","999.9"," 0","  6.0","24"," 14.1","24"," 19.4"," 28.9","  57.2","*","  49.6"," ","99.99"," ","999.9","010000"
"03955099999","2023-05-04","51.841269","-8.491111","153.0","CORK, EI","  50.2","24","  47.1","24","9999.9"," 0","999.9"," 0","  4.7","24"," 12.3","24"," 18.1","999.9","  51.8","*","  48.2","*","99.99"," ","999.9","010000"
"03955099999","2023-05-05","51.841269","-8.491111","153.0","CORK, EI","  53.1","24","  51.6","24","9999.9"," 0","999.9"," 0","  4.2","24","  8.9","24"," 14.0","999.9","  59.0","*","  49.1"," ","99.99"," ","  0.4","110000"
"03955099999","2023-05-06","51.841269","-8.491111","153.0","CORK, EI","  54.4","24","  51.8","24","9999.9"," 0","999.9"," 0","  5.0","24","  6.9","24"," 11.7","999.9","  60.8","*","  48.2","*","99.99"," ","999.9","110000"
"03955099999","2023-05-07","51.841269","-8.491111","153.0","CORK, EI","  53.0","24","  51.8","24","9999.9"," 0","999.9"," 0","  3.2","24","  9.6","24"," 15.9","999.9","  57.2","*","  46.4","*","99.99"," ","999.9","110000"
"03955099999","2023-05-08","51.841269","-8.491111","153.0","CORK, EI","  56.7","24","  54.4","24","9999.9"," 0","999.9"," 0","  4.5","24","  9.6","24"," 14.0","999.9","  60.8","*","  50.0","*","99.99"," ","  0.4","110000"
"03955099999","2023-05-09","51.841269","-8.491111","153.0","CORK, EI","  53.5","24","  47.6","24","9999.9"," 0","999.9"," 0","  5.1","24","  9.5","24"," 17.1","999.9","  59.9","*","  48.2","*","99.99"," ","999.9","110000"
"03955099999","2023-05-10","51.841269","-8.491111","153.0","CORK, EI","  52.3","24","  45.5","24","9999.9"," 0","999.9"," 0","  6.4","24"," 10.7","24"," 15.9","999.9","  57.2","*","  46.4","*","99.99"," ","999.9","010000"
"03955099999","2023-05-11","51.841269","-8.491111","153.0","CORK, EI","  52.9","24","  46.5","24","9999.9"," 0","999.9"," 0","  6.5","24"," 13.2","24"," 20.0"," 29.9","  58.1","*","  46.0"," ","99.99"," ","999.9","010000"
"03955099999","2023-05-12","51.841269","-8.491111","153.0","CORK, EI","  55.3","24","  48.6","24","9999.9"," 0","999.9"," 0","  6.5","24","  8.2","24"," 15.5","999.9","  64.4","*","  47.3"," "," 0.00","I","999.9","000000"
"03955099999","2023-05-13","51.841269","-8.491111","153.0","CORK, EI","  55.8","24","  48.6","24","9999.9"," 0","999.9"," 0","  6.4","24","  6.2","24","  9.7","999.9","  63.5","*","  47.7","*"," 0.00","I","999.9","000000"
"03955099999","2023-05-14","51.841269","-8.491111","153.0","CORK, EI","  52.1","24","  44.6","24","9999.9"," 0","999.9"," 0","  6.0","24"," 11.7","24"," 19.4","999.9","  59.0","*","  44.6","*"," 0.03","E","999.9","010000"
"03955099999","2023-05-15","51.841269","-8.491111","153.0","CORK, EI","  50.1","24","  39.4","24","9999.9"," 0","999.9"," 0","  6.7","24","  9.1","24"," 15.5","999.9","  59.0","*","  42.1"," ","99.99"," ","999.9","010000"
"03955099999","2023-05-16","51.841269","-8.491111","153.0","CORK, EI","  50.8","24","  41.5","24","9999.9"," 0","999.9"," 0","  6.9","24","  6.7","24","  9.9","999.9","  60.8","*","  41.7"," "," 0.00","I","999.9","000000"
"03955099999","2023-05-17","51.841269","-8.491111","153.0","CORK, EI","  53.7","24","  43.5","24","9999.9"," 0","999.9"," 0","  7.6","24","  7.7","24"," 13.0","999.9","  62.6","*","  46.2"," "," 0.00","I","999.9","000000"
"03955099999","2023-05-18","51.841269","-8.491111","153.0","CORK, EI","  52.7","23","  47.8","23","9999.9"," 0","999.9"," 0","  7.6","23","  6.7","23"," 12.0","999.9","  60.8","*","  45.1"," ","99.99"," ","999.9","010000"
"03955099999","2023-05-19","51.841269","-8.491111","153.0","CORK, EI","  54.0","24","  47.2","24","9999.9"," 0","999.9"," 0","  7.4","24"," 11.3","24"," 14.0","999.9","  61.7"," ","  46.2"," "," 0.00","E","999.9","000000"
"03955099999","2023-05-20","51.841269","-8.491111","153.0","CORK, EI","  56.3","24","  51.2","24","9999.9"," 0","999.9"," 0","  6.6","24","  5.8","24"," 12.0","999.9","  61.7","*","  51.6"," ","99.99"," ","999.9","010000"
"03955099999","2023-05-21","51.841269","-8.491111","153.0","CORK, EI","  57.6","24","  54.4","24","9999.9"," 0","999.9"," 0","  5.9","24","  5.8","24"," 11.1","999.9","  62.6","*","  53.2"," ","99.99"," ","999.9","010000"
"03955099999","2023-05-22","51.841269","-8.491111","153.0","CORK, EI","  56.1","24","  47.2","24","9999.9"," 0","999.9"," 0","  5.7","24"," 11.7","24"," 17.1","999.9","  62.6","*","  50.0"," ","99.99"," ","  0.4","010000"
"03955099999","2023-05-23","51.841269","-8.491111","153.0","CORK, EI","  53.8","24","  44.3","24","9999.9"," 0","999.9"," 0","  6.7","24"," 10.6","24"," 15.0","999.9","  63.1"," ","  45.5"," "," 0.00","E","999.9","000000"
"03955099999","2023-05-24","51.841269","-8.491111","153.0","CORK, EI","  55.4","24","  47.3","24","9999.9"," 0","999.9"," 0","  7.0","24"," 10.6","24"," 15.5","999.9","  62.8","*","  46.4","*"," 0.00","I","999.9","000000"
"03955099999","2023-05-25","51.841269","-8.491111","153.0","CORK, EI","  59.3","24","  50.6","24","9999.9"," 0","999.9"," 0","  6.6","24","  7.5","24"," 11.7","999.9","  69.8","*","  53.6"," "," 0.00","I","999.9","000000"
"03955099999","2023-05-26","51.841269","-8.491111","153.0","CORK, EI","  58.6","24","  50.5","24","9999.9"," 0","999.9"," 0","  6.5","24","  7.7","24","  9.9","999.9","  66.2","*","  51.8","*"," 0.00","I","999.9","000000"
"03955099999","2023-05-27","51.841269","-8.491111","153.0","CORK, EI","  59.6","24","  49.7","24","9999.9"," 0","999.9"," 0","  6.5","24","  5.2","24"," 12.0","999.9","  68.0","*","  49.5"," "," 0.00","I","999.9","000000"
"03955099999","2023-05-28","51.841269","-8.491111","153.0","CORK, EI","  55.4","24","  50.7","24","9999.9"," 0","999.9"," 0","  7.0","24","  7.2","24"," 14.0","999.9","  60.8","*","  50.0","*"," 0.00","I","999.9","000000"
"03955099999","2023-05-29","51.841269","-8.491111","153.0","CORK, EI","  55.5","24","  46.9","24","9999.9"," 0","999.9"," 0","  6.7","24","  9.8","24"," 15.9","999.9","  64.4","*","  46.4","*"," 0.00","I","999.9","000000"
"03955099999","2023-05-30","51.841269","-8.491111","153.0","CORK, EI","  58.0","24","  46.7","24","9999.9"," 0","999.9"," 0","  7.0","24","  8.8","24"," 15.0","999.9","  64.8","*","  50.0","*"," 0.00","I","999.9","000000"
"03955099999","2023-05-31","51.841269","-8.491111","153.0","CORK, EI","  57.4","24","  49.7","24","9999.9"," 0","999.9"," 0","  7.0","24","  9.2","24"," 15.0","999.9","  64.6","*","  51.6"," "," 0.00","I","999.9","000000"
"03955099999","2023-06-01","51.841269","-8.491111","153.0","CORK, EI","  57.4","24","  50.5","24","9999.9"," 0","999.9"," 0","  7.5","24","  7.5","24"," 12.0","999.9","  65.1","*","  50.0","*"," 0.00","A","999.9","000000"
"03955099999","2023-06-02","51.841269","-8.491111","153.0","CORK, EI","  55.9","24","  49.6","24","9999.9"," 0","999.9"," 0","  6.6","24","  7.3","24"," 11.7","999.9","  60.8","*","  50.0","*"," 0.00","A","999.9","000000"
"03955099999","2023-06-03","51.841269","-8.491111","153.0","CORK, EI","  57.7","24","  47.3","24","9999.9"," 0","999.9"," 0","  5.1","24","  6.2","24"," 12.0","999.9","  66.2","*","  48.9"," "," 0.00","A","999.9","100000"
"03955099999","2023-06-04","51.841269","-8.491111","153.0","CORK, EI","  58.9","24","  44.1","24","9999.9"," 0","999.9"," 0","  7.2","24","  7.6","24"," 17.1","999.9","  68.0","*","  50.0","*"," 0.00","I","999.9","000000"
"03955099999","2023-06-05","51.841269","-8.491111","153.0","CORK, EI","  58.9","24","  48.2","24","9999.9"," 0","999.9"," 0","  6.7","24","  7.1","24"," 11.1","999.9","  68.0","*","  49.8"," "," 0.00","E","999.9","000000"
"03955099999","2023-06-06","51.841269","-8.491111","153.0","CORK, EI","  56.9","24","  49.0","24","9999.9"," 0","999.9"," 0","  6.7","24","  8.4","24"," 13.6","999.9","  64.4","*","  50.0","*"," 0.00","I","999.9","000000"
"03955099999","2023-06-07","51.841269","-8.491111","153.0","CORK, EI","  55.1","24","  48.8","24","9999.9"," 0","999.9"," 0","  6.4","24","  8.9","24"," 14.0","999.9","  60.8","*","  48.2","*"," 0.00","I","999.9","000000"
"03955099999","2023-06-08","51.841269","-8.491111","153.0","CORK, EI","  59.8","24","  49.5","24","9999.9"," 0","999.9"," 0","  7.5","24"," 14.7","24"," 22.0"," 28.0","  64.4","*","  53.6","*"," 0.00","A","999.9","000000"
"03955099999","2023-06-09","51.841269","-8.491111","153.0","CORK, EI","  60.2","24","  52.2","24","9999.9"," 0","999.9"," 0","  6.6","24"," 13.4","24"," 21.4","999.9","  64.4","*","  57.0"," ","99.99"," ","999.9","010000"
"03955099999","2023-06-10","51.841269","-8.491111","153.0","CORK, EI","  59.7","24","  58.9","24","9999.9"," 0","999.9"," 0","  2.0","24","  9.4","24"," 14.0","999.9","  61.0","*","  58.5","*","99.99"," ","999.9","110000"
"03955099999","2023-06-11","51.841269","-8.491111","153.0","CORK, EI","  61.0","24","  59.3","24","9999.9"," 0","999.9"," 0","  3.8","24","  6.4","24","  9.7","999.9","  66.2","*","  57.2","*"," 0.00","A","999.9","110000"
"03955099999","2023-06-12","51.841269","-8.491111","153.0","CORK, EI","  63.4","24","  57.9","24","9999.9"," 0","999.9"," 0","  6.5","24","  7.8","24"," 11.7","999.9","  70.0","*","  57.7"," ","99.99"," ","999.9","010000"
"03955099999","2023-06-13","51.841269","-8.491111","153.0","CORK, EI","  65.2","24","  60.2","24","9999.9"," 0","999.9"," 0","  6.3","24","  6.7","24","  9.9","999.9","  72.5","*","  58.6"," "," 0.00","E","999.9","000000"
"03955099999","2023-06-14","51.841269","-8.491111","153.0","CORK, EI","  65.3","24","  59.0","24","9999.9"," 0","999.9"," 0","  5.4","24","  4.9","24","  9.9","999.9","  72.0","*","  55.4","*"," 0.00","I","999.9","100000"
"03955099999","2023-06-15","51.841269","-8.491111","153.0","CORK, EI","  61.3","24","  57.2","24","9999.9"," 0","999.9"," 0","  7.2","24","  4.3","24","  9.7","999.9","  69.8","*","  54.7"," "," 0.00","A","999.9","000000"
"03955099999","2023-06-16","51.841269","-8.491111","153.0","CORK, EI","  60.7","24","  60.1","24","9999.9"," 0","999.9"," 0","  3.4","24","  8.4","24"," 15.9","999.9","  63.7","*","  56.1"," ","99.99"," ","999.9","110000"
"03955099999","2023-06-17","51.841269","-8.491111","153.0","CORK, EI","  61.6","24","  59.2","24","9999.9"," 0","999.9"," 0","  5.6","24","  6.3","24"," 12.0","999.9","  66.2","*","  57.2","*","99.99"," ","999.9","110010"
"03955099999","2023-06-18","51.841269","-8.491111","153.0","CORK, EI","  61.5","24","  58.1","24","1006.7"," 4","989.6"," 4","  7.0","24","  8.6","24"," 14.0","999.9","  66.2","*","  53.6","*","99.99"," ","999.9","010000"
"03955099999","2023-06-19","51.841269","-8.491111","153.0","CORK, EI","  60.7","24","  56.2","24","9999.9"," 0","999.9"," 0","  6.0","24","  7.1","24"," 14.0","999.9","  66.4","*","  53.6","*","99.99"," ","999.9","110000"
"03955099999","2023-06-20","51.841269","-8.491111","153.0","CORK, EI","  61.1","24","  56.2","24","9999.9"," 0","999.9"," 0","  5.4","24","  6.2","24"," 12.0","999.9","  68.0","*","  54.3"," ","99.99"," ","999.9","110010"
"03955099999","2023-06-21","51.841269","-8.491111","153.0","CORK, EI","  61.4","24","  56.4","24","9999.9"," 0","999.9"," 0","  6.4","24","  4.7","24"," 11.1","999.9","  69.8","*","  55.4","*","99.99"," ","999.9","010000"
"03955099999","2023-06-22","51.841269","-8.491111","153.0","CORK, EI","  62.7","24","  56.6","24","9999.9"," 0","999.9"," 0","  7.0","24","  6.9","24"," 13.0","999.9","  69.8","*","  55.4","*"," 0.00","I","999.9","000000"
"03955099999","2023-06-23","51.841269","-8.491111","153.0","CORK, EI","  62.5","24","  61.7","24","9999.9"," 0","999.9"," 0","  3.3","24"," 12.6","24"," 15.9"," 22.0","  64.8","*","  57.2"," ","99.99"," ","  0.4","010000"
"03955099999","2023-06-24","51.841269","-8.491111","153.0","CORK, EI","  62.8","24","  61.2","24","9999.9"," 0","999.9"," 0","  4.1","24"," 12.7","24"," 15.9"," 22.0","  65.8"," ","  60.8","*"," 0.04","E","999.9","010000"
"03955099999","2023-06-25","51.841269","-8.491111","153.0","CORK, EI","  60.8","24","  52.9","24","9999.9"," 0","999.9"," 0","  6.7","24"," 10.6","24"," 15.9"," 25.1","  66.4","*","  51.8","*"," 0.20","E","999.9","010000"
"03955099999","2023-06-26","51.841269","-8.491111","153.0","CORK, EI","  57.7","24","  51.5","24","9999.9"," 0","999.9"," 0","  6.7","24","  8.1","24"," 12.0","999.9","  64.4","*","  49.5"," ","99.99"," ","999.9","010000"
"03955099999","2023-06-27","51.841269","-8.491111","153.0","CORK, EI","  62.8","24","  60.3","24","9999.9"," 0","999.9"," 0","  5.1","24"," 10.9","24"," 17.1"," 25.1","  68.2","*","  57.7"," ","99.99"," ","999.9","010000"
"03955099999","2023-06-28","51.841269","-8.491111","153.0","CORK, EI","  60.7","24","  54.1","24","9999.9"," 0","999.9"," 0","  5.1","24"," 10.7","24"," 18.1","999.9","  66.2","*","  53.6","*","99.99"," ","999.9","110000"
"03955099999","2023-06-29","51.841269","-8.491111","153.0","CORK, EI","  57.4","24","  49.4","24","1019.3"," 5","001.8"," 5","  9.1","24","  8.4","24"," 13.6","999.9","  64.4","*","  50.9"," ","99.99"," ","999.9","010000"
"03955099999","2023-06-30","51.841269","-8.491111","153.0","CORK, EI","  60.2","24","  56.6","24","9999.9"," 0","999.9"," 0","  6.1","24"," 11.6","24"," 18.1"," 28.9","  66.2","*","  53.6","*","99.99"," ","999.9","010000"
"03955099999","2023-07-01","51.841269","-8.491111","153.0","CORK, EI","  59.6","24","  48.0","24","9999.9"," 0","999.9"," 0","  6.5","24"," 14.0","24"," 21.4","999.9","  66.2","*","  51.8","*"," 0.00","A","999.9","000000"
"03955099999","2023-07-02","51.841269","-8.491111","153.0","CORK, EI","  56.1","24","  45.4","24","9999.9"," 0","999.9"," 0","  6.5","24","  9.5","24"," 17.5","999.9","  64.4","*","  50.0","*","99.99"," ","999.9","010000"
"03955099999","2023-07-03","51.841269","-8.491111","153.0","CORK, EI","  55.5","24","  47.6","24","9999.9"," 0","999.9"," 0","  6.5","24"," 10.9","24"," 18.1"," 29.9","  60.8","*","  48.7"," ","99.99"," ","999.9","010000"
"03955099999","2023-07-04","51.841269","-8.491111","153.0","CORK, EI","  55.5","24","  47.8","24","9999.9"," 0","999.9"," 0","  6.6","24","  9.7","24"," 19.4"," 28.9","  62.6","*","  50.0","*","99.99"," ","999.9","010000"
"03955099999","2023-07-05","51.841269","-8.491111","153.0","CORK, EI","  55.7","24","  48.1","24","9999.9"," 0","999.9"," 0","  6.5","24","  9.4","24"," 15.9","999.9","  63.3","*","  47.7"," ","99.99"," ","999.9","010000"
"03955099999","2023-07-06","51.841269","-8.491111","153.0","CORK, EI","  57.0","24","  54.7","24","9999.9"," 0","999.9"," 0","  4.1","24"," 12.7","24"," 19.4"," 35.0","  60.8","*","  50.0","*","99.99"," ","999.9","010000"
"03955099999","2023-07-07","51.841269","-8.491111","153.0","CORK, EI","  61.3","24","  59.5","24","9999.9"," 0","999.9"," 0","  4.5","24"," 17.2","24"," 23.3"," 32.1","  64.4","*","  59.0","*","99.99"," ","  0.4","110000"
"03955099999","2023-07-08","51.841269","-8.491111","153.0","CORK, EI","  59.6","24","  53.7","24","9999.9"," 0","999.9"," 0","  5.6","24"," 15.3","24"," 25.1"," 42.7","  64.4","*","  53.6","*"," 0.03","E","999.9","010000"
"03955099999","2023-07-09","51.841269","-8.491111","153.0","CORK, EI","  57.5","24","  52.8","24","9999.9"," 0","999.9"," 0","  6.2","24","  8.9","24"," 14.0","999.9","  64.4","*","  51.4"," ","99.99"," ","  0.4","010000"
"03955099999","2023-07-10","51.841269","-8.491111","153.0","CORK, EI","  59.4","24","  57.0","24","9999.9"," 0","999.9"," 0","  5.0","24"," 10.6","24"," 20.0","999.9","  66.2","*","  55.4","*","99.99"," ","  0.4","010000"
"03955099999","2023-07-11","51.841269","-8.491111","153.0","CORK, EI","  58.6","24","  52.2","24","9999.9"," 0","999.9"," 0","  4.4","24","  8.4","24"," 17.5"," 25.1","  66.2","*","  52.5"," ","99.99"," ","999.9","110000"
"03955099999","2023-07-12","51.841269","-8.491111","153.0","CORK, EI","  58.1","24","  53.2","24","9999.9"," 0","999.9"," 0","  6.5","24","  7.4","24"," 12.0","999.9","  64.4","*","  49.6"," ","99.99"," ","999.9","010000"
"03955099999","2023-07-13","51.841269","-8.491111","153.0","CORK, EI","  57.3","24","  54.0","24","9999.9"," 0","999.9"," 0","  7.4","24","  8.4","24"," 15.5","999.9","  63.0","*","  49.8"," "," 0.08","B","999.9","010000"
"03955099999","2023-07-14","51.841269","-8.491111","153.0","CORK, EI","  59.2","24","  56.7","24","9999.9"," 0","999.9"," 0","  3.7","24"," 12.9","24"," 23.3"," 33.0","  66.2","*","  54.7"," "," 0.02","A","  0.4","110000"
"03955099999","2023-07-15","51.841269","-8.491111","153.0","CORK, EI","  57.1","24","  52.0","24","9999.9"," 0","999.9"," 0","  6.6","24"," 12.5","24"," 23.3"," 35.0","  62.6","*","  53.2"," ","99.99"," ","999.9","010000"
"03955099999","2023-07-16","51.841269","-8.491111","153.0","CORK, EI","  56.6","24","  49.9","24","9999.9"," 0","999.9"," 0","  6.4","24","  9.1","24"," 15.0","999.9","  64.4","*","  48.7"," ","99.99"," ","999.9","010000"
"03955099999","2023-07-17","51.841269","-8.491111","153.0","CORK, EI","  56.3","24","  50.2","24","9999.9"," 0","999.9"," 0","  6.2","24","  8.6","24"," 15.0","999.9","  66.2","*","  48.2","*"," 0.00","A","999.9","010000"
"03955099999","2023-07-18","51.841269","-8.491111","153.0","CORK, EI","  60.8","24","  55.7","24","9999.9"," 0","999.9"," 0","  4.3","24"," 10.3","24"," 14.0"," 21.0","  68.5","*","  51.4"," ","99.99"," ","  0.8","010000"
"03955099999","2023-07-19","51.841269","-8.491111","153.0","CORK, EI","  59.0","24","  49.7","24","9999.9"," 0","999.9"," 0","  7.4","24"," 10.2","24"," 13.0","999.9","  66.2","*","  53.6","*"," 0.00","A","999.9","000000"
"03955099999","2023-07-20","51.841269","-8.491111","153.0","CORK, EI","  57.1","24","  48.3","24","9999.9"," 0","999.9"," 0","  6.7","24"," 10.0","24"," 14.0","999.9","  62.6","*","  50.0","*"," 0.00","I","999.9","000000"
"03955099999","2023-07-21","51.841269","-8.491111","153.0","CORK, EI","  56.6","24","  50.6","24","9999.9"," 0","999.9"," 0","  6.3","24","  8.7","24"," 14.0","999.9","  64.4","*","  50.7"," ","99.99"," ","999.9","010000"
"03955099999","2023-07-22","51.841269","-8.491111","153.0","CORK, EI","  60.6","24","  58.8","24","9999.9"," 0","999.9"," 0","  4.3","24"," 10.1","24"," 15.0"," 24.1","  65.3"," ","  54.7"," "," 0.08","E","  0.4","010000"
"03955099999","2023-07-23","51.841269","-8.491111","153.0","CORK, EI","  60.5","24","  56.7","24","9999.9"," 0","999.9"," 0","  6.2","24","  9.5","24"," 15.9","999.9","  66.2","*","  56.5"," ","99.99"," ","999.9","010000"
"03955099999","2023-07-24","51.841269","-8.491111","153.0","CORK, EI","  58.9","24","  50.5","24","9999.9"," 0","999.9"," 0","  6.6","24"," 10.6","24"," 13.6","999.9","  66.2","*","  51.8","*"," 0.00","I","999.9","000000"
"03955099999","2023-07-25","51.841269","-8.491111","153.0","CORK, EI","  57.2","24","  50.0","24","9999.9"," 0","999.9"," 0","  6.9","24","  5.9","24","  9.7","999.9","  62.6","*","  49.5"," "," 0.00","A","999.9","000000"
"03955099999","2023-07-26","51.841269","-8.491111","153.0","CORK, EI","  59.1","24","  58.3","24","9999.9"," 0","999.9"," 0","  4.8","24"," 10.0","24"," 20.0"," 28.9","  62.6","*","  51.8","*","99.99"," ","999.9","110000"
"03955099999","2023-07-27","51.841269","-8.491111","153.0","CORK, EI","  63.4","24","  57.6","24","9999.9"," 0","999.9"," 0","  7.2","24","  7.1","24","  9.9","999.9","  72.9"," ","  55.4","*"," 0.00","F","999.9","000000"
"03955099999","2023-07-28","51.841269","-8.491111","153.0","CORK, EI","  57.7","24","  53.9","24","9999.9"," 0","999.9"," 0","  6.9","24"," 10.0","24"," 18.1","999.9","  64.4","*","  53.6","*","99.99"," ","999.9","010000"
"03955099999","2023-07-29","51.841269","-8.491111","153.0","CORK, EI","  58.0","24","  51.1","24","9999.9"," 0","999.9"," 0","  6.4","24"," 12.1","24"," 17.5"," 28.9","  64.8","*","  51.4"," ","99.99"," ","999.9","010000"
"03955099999","2023-07-30","51.841269","-8.491111","153.0","CORK, EI","  57.7","24","  56.8","24","9999.9"," 0","999.9"," 0","  4.5","24"," 11.0","24"," 19.4"," 26.0","  62.6","*","  49.8"," ","99.99"," ","999.9","010000"
"03955099999","2023-07-31","51.841269","-8.491111","153.0","CORK, EI","  60.4","24","  55.1","24","9999.9"," 0","999.9"," 0","  6.5","24","  9.6","24"," 15.9","999.9","  68.0","*","  55.4","*","99.99"," ","999.9","010000"
"03955099999","2023-08-01","51.841269","-8.491111","153.0","CORK, EI","  57.8","24","  54.3","24","9999.9"," 0","999.9"," 0","  5.5","24","  9.0","24"," 17.5","999.9","  63.0","*","  50.4"," "," 0.00","A","999.9","110000"
"03955099999","2023-08-02","51.841269","-8.491111","153.0","CORK, EI","  59.1","24","  55.6","24","9999.9"," 0","999.9"," 0","  6.3","24"," 13.2","24"," 21.0"," 35.0","  64.4","*","  55.2"," ","99.99"," ","  0.4","110000"
"03955099999","2023-08-03","51.841269","-8.491111","153.0","CORK, EI","  58.7","24","  51.4","24","9999.9"," 0","999.9"," 0","  6.5","24"," 15.1","24"," 19.4","999.9","  64.4","*","  53.6","*","99.99"," ","999.9","010000"
"03955099999","2023-08-04","51.841269","-8.491111","153.0","CORK, EI","  55.7","24","  50.4","24","9999.9"," 0","999.9"," 0","  6.2","24","  9.2","24"," 15.9"," 24.1","  59.9"," ","  51.8","*"," 0.00","E","999.9","010000"
"03955099999","2023-08-05","51.841269","-8.491111","153.0","CORK, EI","  58.5","24","  50.7","24","9999.9"," 0","999.9"," 0","  5.9","24"," 17.6","24"," 31.1"," 48.6","  64.4","*","  51.8","*","99.99"," ","  0.4","010000"
"03955099999","2023-08-06","51.841269","-8.491111","153.0","CORK, EI","  58.3","24","  49.8","24","9999.9"," 0","999.9"," 0","  7.0","24","  9.6","24"," 15.9","999.9","  66.2","*","  50.5"," ","99.99"," ","999.9","010000"
"03955099999","2023-08-07","51.841269","-8.491111","153.0","CORK, EI","  55.3","23","  51.1","23","9999.9"," 0","999.9"," 0","  5.7","23","  6.0","23"," 13.6","999.9","  59.0","*","  50.2"," ","99.99"," ","999.9","110000"
"03955099999","2023-08-08","51.841269","-8.491111","153.0","CORK, EI","  60.4","24","  58.5","24","9999.9"," 0","999.9"," 0","  4.1","24","  4.4","24","  8.0","999.9","  64.6","*","  55.2"," ","99.99"," ","  0.4","110000"
"03955099999","2023-08-09","51.841269","-8.491111","153.0","CORK, EI","  63.7","24","  60.7","24","9999.9"," 0","999.9"," 0","  3.4","24","  6.9","24"," 13.6","999.9","  71.6","*","  58.1"," "," 0.00","E","999.9","110000"
"03955099999","2023-08-10","51.841269","-8.491111","153.0","CORK, EI","  60.5","24","  60.3","24","9999.9"," 0","999.9"," 0","  1.8","24"," 11.8","24"," 15.5","999.9","  62.6","*","  57.2","*"," 0.00","A","999.9","110000"
"03955099999","2023-08-11","51.841269","-8.491111","153.0","CORK, EI","  60.4","24","  58.2","24","9999.9"," 0","999.9"," 0","  4.8","24"," 15.3","24"," 22.9"," 31.1","  64.4","*","  56.8"," ","99.99"," ","999.9","110000"
"03955099999","2023-08-12","51.841269","-8.491111","153.0","CORK, EI","  60.0","24","  56.0","24","9999.9"," 0","999.9"," 0","  5.8","24"," 13.3","24"," 20.0"," 29.9","  66.2","*","  55.4","*","99.99"," ","999.9","010000"
"03955099999","2023-08-13","51.841269","-8.491111","153.0","CORK, EI","  57.3","24","  54.1","24","9999.9"," 0","999.9"," 0","  6.5","24","  7.2","24"," 12.0","999.9","  62.6","*","  54.5"," ","99.99"," ","999.9","010000"
"03955099999","2023-08-14","51.841269","-8.491111","153.0","CORK, EI","  59.6","24","  53.6","24","9999.9"," 0","999.9"," 0","  6.1","24","  9.3","24"," 17.1","999.9","  66.6","*","  53.4"," ","99.99"," ","999.9","010100"
"03955099999","2023-08-15","51.841269","-8.491111","153.0","CORK, EI","  59.4","24","  53.9","24","9999.9"," 0","999.9"," 0","  6.4","24","  6.0","24"," 11.1","999.9","  66.2","*","  52.9"," ","99.99"," ","999.9","010000"
"03955099999","2023-08-16","51.841269","-8.491111","153.0","CORK, EI","  59.7","24","  54.0","24","9999.9"," 0","999.9"," 0","  6.6","24","  7.1","24"," 11.7","999.9","  68.0","*","  53.6","*"," 0.00","A","999.9","010000"
"03955099999","2023-08-17","51.841269","-8.491111","153.0","CORK, EI","  59.0","24","  56.9","24","9999.9"," 0","999.9"," 0","  5.8","24"," 10.4","24"," 17.1","999.9","  64.4","*","  53.6","*","99.99"," ","999.9","010000"
"03955099999","2023-08-18","51.841269","-8.491111","153.0","CORK, EI","  59.7","24","  59.0","24","9999.9"," 0","999.9"," 0","  3.2","24"," 14.5","24"," 24.1"," 35.0","  62.6","*","  57.2"," "," 2.13","E","999.9","110000"
"03955099999","2023-08-19","51.841269","-8.491111","153.0","CORK, EI","  60.3","24","  57.8","24","9999.9"," 0","999.9"," 0","  6.0","24"," 15.3","24"," 22.9"," 35.0","  64.6","*","  57.2","*","99.99"," ","  0.4","010000"
"03955099999","2023-08-20","51.841269","-8.491111","153.0","CORK, EI","  61.0","24","  58.2","24","9999.9"," 0","999.9"," 0","  6.2","24"," 11.6","24"," 17.1","999.9","  66.2","*","  54.9","*","99.99"," ","999.9","010000"
"03955099999","2023-08-21","51.841269","-8.491111","153.0","CORK, EI","  61.6","24","  58.6","24","9999.9"," 0","999.9"," 0","  5.7","24"," 13.8","24"," 18.1","999.9","  66.2","*","  57.2","*","99.99"," ","999.9","010000"
"03955099999","2023-08-22","51.841269","-8.491111","153.0","CORK, EI","  60.8","24","  55.6","24","9999.9"," 0","999.9"," 0","  6.5","24","  8.6","24"," 13.0"," 22.0","  66.2","*","  55.4","*","99.99"," ","999.9","010000"
"03955099999","2023-08-23","51.841269","-8.491111","153.0","CORK, EI","  60.6","24","  56.4","24","9999.9"," 0","999.9"," 0","  4.7","24","  5.8","24","  9.9","999.9","  68.0","*","  55.4","*"," 0.24","E","999.9","110000"
"03955099999","2023-08-24","51.841269","-8.491111","153.0","CORK, EI","  57.5","24","  49.1","24","9999.9"," 0","999.9"," 0","  6.9","24","  8.0","24"," 13.0","999.9","  64.4","*","  51.8","*"," 0.00","I","999.9","000000"
"03955099999","2023-08-25","51.841269","-8.491111","153.0","CORK, EI","  57.8","24","  52.2","24","9999.9"," 0","999.9"," 0","  6.9","24","  9.6","24"," 17.1","999.9","  64.4","*","  51.8","*","99.99"," ","999.9","010000"
"03955099999","2023-08-26","51.841269","-8.491111","153.0","CORK, EI","  57.7","24","  51.4","24","9999.9"," 0","999.9"," 0","  6.7","24"," 11.9","24"," 19.0"," 26.0","  64.4","*","  51.8","*","99.99"," ","999.9","010000"
"03955099999","2023-08-27","51.841269","-8.491111","153.0","CORK, EI","  58.3","24","  53.0","24","9999.9"," 0","999.9"," 0","  6.3","24"," 12.0","24"," 20.0","999.9","  66.4","*","  53.6","*","99.99"," ","999.9","010000"
"03955099999","2023-08-28","51.841269","-8.491111","153.0","CORK, EI","  57.8","24","  52.1","24","9999.9"," 0","999.9"," 0","  6.6","24","  6.9","24"," 12.0","999.9","  64.4","*","  52.9","*","99.99"," ","999.9","010000"
"03955099999","2023-08-29","51.841269","-8.491111","153.0","CORK, EI","  57.7","24","  50.5","24","9999.9"," 0","999.9"," 0","  5.3","24","  9.7","24"," 15.0","999.9","  64.0"," ","  52.7"," "," 0.00","E","999.9","110000"
"03955099999","2023-08-30","51.841269","-8.491111","153.0","CORK, EI","  55.6","24","  48.0","24","9999.9"," 0","999.9"," 0","  6.1","24","  5.0","24","  9.9","999.9","  60.8","*","  51.8","*"," 0.00","H","999.9","110000"
"03955099999","2023-08-31","51.841269","-8.491111","153.0","CORK, EI","  60.2","24","  56.3","24","9999.9"," 0","999.9"," 0","  4.8","24","  8.5","24"," 13.0","999.9","  68.0","*","  51.8","*","99.99"," ","999.9","110000"
"03955099999","2023-09-01","51.841269","-8.491111","153.0","CORK, EI","  58.1","24","  55.2","24","9999.9"," 0","999.9"," 0","  6.2","24","  3.6","24","  8.9","999.9","  64.4","*","  51.6"," "," 0.00","H","999.9","010000"
"03955099999","2023-09-02","51.841269","-8.491111","153.0","CORK, EI","  59.5","22","  56.2","22","9999.9"," 0","999.9"," 0","  3.4","22","  3.8","22","  8.0","999.9","  68.0","*","  53.6","*"," 0.00","E","999.9","110100"
